User,Tweet Count,Date/Time,Compound,Negative,Neutral,Positive,Text
BBC,100,2018-04-28 20:01:07+00:00,-0.6369,0.25,0.652,0.098,"A crisis of plastic waste in Indonesia has become so acute that the army has been called in to help.
üëâ‚Ä¶ https://t.co/Qt2S1UlKNf"
BBC,99,2018-04-28 19:06:03+00:00,0.765,0.0,0.68,0.32,‚ù§Ô∏è This make-up artist is using her skills to help scarred women feel beautiful again. https://t.co/BuQ3vMwtPn
BBC,98,2018-04-28 18:01:06+00:00,0.0,0.0,1.0,0.0,"The UK's obesity rates have more than trebled in the past 30 years. 
#BritainsFatFight https://t.co/xE8qL5t1yE"
BBC,97,2018-04-28 17:02:00+00:00,0.5994,0.0,0.786,0.214,ü§ñüì∏ @TWBBC have created a chatbot that can predict how influential your Instagram pictures will be before you post t‚Ä¶ https://t.co/lvLPMQ8iyz
BBC,96,2018-04-28 16:29:48+00:00,0.0,0.0,1.0,0.0,RT @BBCOne: It turns out Tamsin Greig has had some... sickly... experiences during her time on stage ü§¢ #TheGNShow https://t.co/SOfsgk4bre
BBC,95,2018-04-28 16:03:03+00:00,0.0,0.0,1.0,0.0,"‚öñ BMI and obesity: Where are you on the UK fat scale? 

Try this calculator and see how you compare.
üëâ‚Ä¶ https://t.co/dHecwNK6uG"
BBC,94,2018-04-28 15:00:23+00:00,-0.7906,0.389,0.611,0.0,Palm oil can destroy the habitats of orangutans - and poison your dog. https://t.co/8Pu4OmKRxh
BBC,93,2018-04-28 14:10:02+00:00,0.0,0.0,1.0,0.0,"üåàüëÄ Depending on what language you speak, your eye perceives colours ‚Äì and the world ‚Äì differently from someone else‚Ä¶ https://t.co/bjyH9RnpP6"
BBC,92,2018-04-28 13:00:23+00:00,0.0,0.0,1.0,0.0,"‚õ∑ü¶Ö A test of speed and agility.
#SuperFastFalcon https://t.co/kywvTfrLMw"
BBC,91,2018-04-28 12:00:21+00:00,0.3612,0.0,0.872,0.128,"üòï People are getting surgery to look like their Snapchat selfies...

It‚Äôs called ‚ÄòSnapchat dysmorphia‚Äô - and it‚Äôs o‚Ä¶ https://t.co/skDno7F9a1"
BBC,90,2018-04-28 11:08:45+00:00,0.0,0.0,1.0,0.0,"RT @BBCOne: Every, single, week ü§¶‚Äç‚ôÄÔ∏è https://t.co/d15I1CG9Iy"
BBC,89,2018-04-28 11:00:17+00:00,-0.2023,0.239,0.58,0.181,This cafe in Greater Manchester only employs former prisoners. https://t.co/7uQhzzVCYm
BBC,88,2018-04-28 10:32:00+00:00,-0.4003,0.172,0.828,0.0,"üé§üé∂Absolutely on fire! üî•

The incredible @JessieJ performs a #GigInAMinute for #SoundsLikeFridayNight 

Watch it in‚Ä¶ https://t.co/KAbgQz62te"
BBC,87,2018-04-28 10:07:26+00:00,0.0,0.0,1.0,0.0,RT @bbcideas: ü•ö Why nursery rhymes aren't always what they seem ü•öhttps://t.co/UfZnW0AUFG https://t.co/XCQCQBLTPS
BBC,86,2018-04-28 10:00:12+00:00,0.1779,0.1,0.775,0.125,"Take the politics out of it. By the numbers, what would we gain ‚Äì and lose ‚Äì if all firearms suddenly were wiped of‚Ä¶ https://t.co/byYeF15IeS"
BBC,85,2018-04-28 09:00:19+00:00,-0.0258,0.185,0.573,0.242,ü¶à Australian lifeguards are now using drones to help prevent shark attacks. https://t.co/HDvy0MSlVo
BBC,84,2018-04-28 08:00:10+00:00,0.0,0.0,1.0,0.0,"How does plastic actually enter our oceans? 
#OurBluePlanet  https://t.co/LdOt9inVFS"
BBC,83,2018-04-27 18:24:05+00:00,-0.5267,0.175,0.825,0.0,"Record levels of microplastics have been found trapped inside sea ice floating in the Arctic.
üëâ‚Ä¶ https://t.co/TnDMONKhYD"
BBC,82,2018-04-27 17:23:00+00:00,0.296,0.0,0.885,0.115,"üëèüé∂Who will join saxophonist Robert Burton in the 2018 @BBCYoungMus semi-final? 

Watch the brass category final ton‚Ä¶ https://t.co/SQwHSnaYmp"
BBC,81,2018-04-27 16:01:06+00:00,0.0,0.0,1.0,0.0,"üôåüé∂ @George_Ezra. @AnneMarie. @NiallOfficial. @CHVRCHES. @Migos.

Tonight's #SoundsLikeFridayNight is going to be HU‚Ä¶ https://t.co/13yecJuHFk"
BBC,80,2018-04-27 15:01:05+00:00,-0.7783,0.343,0.657,0.0,"üíîüê¥ Horses are regularly being 'fly-tipped' and left to die by irresponsible owners.
üëâ https://t.co/pTjgWOddaz https://t.co/63k7pzfKmw"
BBC,79,2018-04-27 13:00:19+00:00,0.0,0.0,1.0,0.0,"üçî Can lab-grown veggie alternatives wean us off our addiction to red meat?
üëâhttps://t.co/1ZltVcmg1A https://t.co/XuB6LrEeZH"
BBC,78,2018-04-27 12:46:17+00:00,0.4199,0.0,0.878,0.122,RT @bbcpress: Thank you for the (new) music ABBA! We‚Äôll bring you more info on this announcement in due course‚Ä¶ https://t.co/t95MJu68Oa
BBC,77,2018-04-27 12:01:07+00:00,0.0,0.0,1.0,0.0,"üçªüê∂ How am I supposed to concentrate on what Stevie's saying when there's a dog over there?
https://t.co/Fu9LaC6WxG"
BBC,76,2018-04-27 11:56:10+00:00,0.0,0.0,1.0,0.0,RT @BBCNewsEnts: Big news for Abba fans - they've recorded two new songs https://t.co/8AbjhzEbeE
BBC,75,2018-04-27 11:00:23+00:00,0.0,0.0,1.0,0.0,"Fancy a Cuddle-Me-Buff whilst I razzle this sausage?

These seven old English words deserve to make a comeback.
üëâ‚Ä¶ https://t.co/7dPSsPsBKW"
BBC,74,2018-04-27 10:44:50+00:00,-0.3595,0.106,0.894,0.0,"RT @CBeebiesHQ: No detective work needed for this story‚Ä¶ üïµÔ∏è

Elton John is going to be reading our #BedtimeStory very soon! üìö

@eltonoffici‚Ä¶"
BBC,73,2018-04-27 10:09:31+00:00,0.0,0.0,1.0,0.0,"üíï Louis Arthur Charles üíï

The Duke and Duchess of Cambridge reveal the name of their new prince.
üëâ‚Ä¶ https://t.co/EXKxBTaqam"
BBC,72,2018-04-27 08:48:14+00:00,0.0,0.0,1.0,0.0,"üò±üò±üò± South Korean boy band @BTS_twt have announced a mammoth world tour which includes two UK dates!!! #BTS
üëâ‚Ä¶ https://t.co/X6zgjEttlo"
BBC,71,2018-04-27 08:00:18+00:00,0.4019,0.0,0.748,0.252,Do you know how to help a üêù in need? https://t.co/FDtmxUkzGS
BBC,70,2018-04-27 07:30:15+00:00,0.4767,0.0,0.795,0.205,"üì∏üçé See the colourful winners of this year's Pink Lady @FoodPhotoAward.
üëâ https://t.co/hLSxgDDeAQ https://t.co/M7AJIhLtVY"
BBC,69,2018-04-27 07:00:24+00:00,-0.3612,0.128,0.872,0.0,"Tom‚Äôs autism means he struggles to identify his own emotions and respond to others‚Äô. 

Could a new heartbeat-based‚Ä¶ https://t.co/w2CjrJ9P5T"
BBC,68,2018-04-26 20:05:00+00:00,-0.4588,0.143,0.857,0.0,The heartbreaking story of the artist who gave the children of this concentration camp art lessons. Their beautiful‚Ä¶ https://t.co/gMFqgqgtvg
BBC,67,2018-04-26 19:03:04+00:00,-0.1761,0.082,0.918,0.0,"Take a detailed look at ambulance services, from the highly pressurised control rooms to the crews on the street. üöë‚Ä¶ https://t.co/ACZOCRjbgS"
BBC,66,2018-04-26 18:33:03+00:00,0.7506,0.0,0.738,0.262,"Follow a young family of falcons as they grow up in downtown Chicago. ü¶Ö

Natural World: Super Fast Falcon | 8pm |‚Ä¶ https://t.co/fDzkfaxMNM"
BBC,65,2018-04-26 18:01:09+00:00,0.3612,0.0,0.815,0.185,"üòØ This woman from the 1920s looks EXACTLY like Benedict Cumberbatch.  
#TheGNShow https://t.co/ZkdgiM7ZVg"
BBC,64,2018-04-26 16:08:02+00:00,0.0,0.0,1.0,0.0,"RT @cbbc: If you can't wait to see @iamradzi on this week's ep of #BluePeter, turn him into an alien on the CBBC Buzz app! üì≤üñçÔ∏è‚û°Ô∏è https://t.‚Ä¶"
BBC,63,2018-04-26 16:00:25+00:00,0.4019,0.0,0.803,0.197,üî•üë©‚Äçüöí These helmets use AR to help firefighters see through smoke. https://t.co/g0807qwa7z
BBC,62,2018-04-26 15:32:09+00:00,0.0,0.0,1.0,0.0,"RT @bbcpress: Ahead of the final episode of #Civilisations, @Simon_Schama reveals his highlights from the series. Civilisations concludes t‚Ä¶"
BBC,61,2018-04-26 14:34:22+00:00,0.368,0.0,0.826,0.174,RT @bbcthree: FYI baby Neil from Gavin and Stacey is now a 10-year-old https://t.co/yGthNqOfZK
BBC,60,2018-04-26 14:13:03+00:00,0.0,0.0,1.0,0.0,"üçΩ Should you become a vegan?


Weigh up the pros and cons of meat-eating and veganism. 

ü§î

https://t.co/g1xCjnAQFL https://t.co/tzJtDxicA7"
BBC,59,2018-04-26 13:56:59+00:00,0.0,0.0,1.0,0.0,RT @BBCScotlandNews: Polar bear cub to be named Hamish after public vote https://t.co/HgNRA8gLMu https://t.co/00LK3653xE
BBC,58,2018-04-26 12:58:05+00:00,0.0,0.0,1.0,0.0,"üé§Rapper @kanyewest has a way with words. But instead of rap lyrics, these days he‚Äôs dropping knowledge on Twitter.‚Ä¶ https://t.co/gInfDANKoX"
BBC,57,2018-04-26 12:01:05+00:00,0.0,0.0,1.0,0.0,üí£üêú Ever heard of 'exploding ants'? https://t.co/im9JhvRJtS
BBC,56,2018-04-26 10:27:28+00:00,0.3182,0.0,0.897,0.103,"More than 40 companies, who are responsible for over 80% of UK supermarkets' plastic packaging, have signed up to a‚Ä¶ https://t.co/Te1iNrkH3D"
BBC,55,2018-04-26 08:01:06+00:00,0.0,0.0,1.0,0.0,"ü¶é Komodo dragons take on prey ten times their size!
#NaturesBiggestBeasts https://t.co/0WskNgK7aV"
BBC,54,2018-04-26 07:29:06+00:00,-0.5927,0.228,0.691,0.081,"üöë In a medical emergency, the right response can save lives ‚Äì but many of us are still doing the wrong thing...
üëâ‚Ä¶ https://t.co/ncRpVF4Ybm"
BBC,53,2018-04-26 07:00:10+00:00,0.0,0.0,1.0,0.0,üëüüóë Do you plog? https://t.co/oN1HxQzQJS
BBC,52,2018-04-25 20:12:00+00:00,0.0,0.0,1.0,0.0,"In 1941, Josef Jakobs was executed at the Tower of London, marking the end of a chapter in its history. https://t.co/q9nwuRjqmv"
BBC,51,2018-04-25 19:03:06+00:00,-0.1779,0.102,0.898,0.0,"Hugh Fearnley-Whittingstall is on a mission, asking food producers, restaurants and the government to confront Brit‚Ä¶ https://t.co/EcfjGY9Hqo"
BBC,50,2018-04-25 18:00:25+00:00,-0.1531,0.105,0.818,0.077,‚òÄÔ∏èüõ∂ How an isolated indigenous community in Ecuador is protecting the Amazon jungle with its first solar powered ca‚Ä¶ https://t.co/yHNXh2C0ZO
BBC,49,2018-04-25 17:01:10+00:00,0.0,0.0,1.0,0.0,"üå±üçì A man has told of how he 'got his mum back' after a diagnosis of Alzheimer's, in part, by getting her to follow‚Ä¶ https://t.co/Bj8a8iAK61"
BBC,48,2018-04-25 16:00:21+00:00,-0.128,0.13,0.87,0.0,‚ù§Ô∏èüêø The dating scene is tough when you're a red squirrel... https://t.co/BUTI5sOp3R
BBC,47,2018-04-25 14:44:29+00:00,0.0,0.0,1.0,0.0,"üêß ü§£ When penguins... HONK!... interrupt... HONK!... your TV interview... HONK!   
#WorldPenguinDay https://t.co/mFUZec36Ne"
BBC,46,2018-04-25 14:31:54+00:00,-0.5994,0.231,0.769,0.0,"RT @BBCOne: .@HughFW is waging a war on waistlines. Tonight, 9pm, BBC One üçî
#BritainsFatFight https://t.co/zYC7BECRw9"
BBC,45,2018-04-25 14:30:12+00:00,0.0,0.0,1.0,0.0,"RT @bbcmusic: OH HI @NiallOfficial üòç 

#SoundsLikeFridayNight https://t.co/Iw2xK5wMj7"
BBC,44,2018-04-25 13:55:02+00:00,0.0,0.0,1.0,0.0,"RT @BBC6Music: ""I essentially went to Hogwarts!""
- @SimonPegg reveals how to have the #BiggestWeekend in his hometown of Gloucester.

üé• Lis‚Ä¶"
BBC,43,2018-04-25 13:49:16+00:00,0.0,0.0,1.0,0.0,ü§† Never turn your back on a man in a cowboy hat. https://t.co/CBkcugUzBO
BBC,42,2018-04-25 12:36:12+00:00,0.7783,0.0,0.57,0.43,RT @BBCBreakfast: Just look at these gorgeous rescued bear cubs üòç https://t.co/2wvTLiA01U
BBC,41,2018-04-25 12:24:43+00:00,0.6369,0.0,0.802,0.198,RT @BBCTwo: This penguin swims thousands of miles every year to visit his best friend... üêßüíô #WorldPenguinDay https://t.co/JlrMZ5exRE
BBC,40,2018-04-25 11:00:09+00:00,0.0,0.0,1.0,0.0,Mums have responded to pictures of the Duchess of Cambridge leaving hospital following the birth of her third child‚Ä¶ https://t.co/KQKq2MfdM8
BBC,39,2018-04-25 10:12:00+00:00,0.0,0.0,1.0,0.0,üî•üå∂ Some people just can't handle the heat. https://t.co/bcWeeTB8F1
BBC,38,2018-04-25 08:41:42+00:00,0.4404,0.0,0.884,0.116,RT @TWBBC: We made a chatbot. Our chatbot predicts how influential your Instagram pictures will be before you post them. Our chatbot uses m‚Ä¶
BBC,37,2018-04-25 08:01:03+00:00,-0.1027,0.104,0.896,0.0,üíå This woman will write you a letter when you're going through hard times. https://t.co/6WejY9BcoI
BBC,36,2018-04-25 07:28:08+00:00,0.0,0.0,1.0,0.0,"üìö From ancient epics to modern novels, some narratives have changed history and influenced the mindsets of generati‚Ä¶ https://t.co/QDcGy8jwXe"
BBC,35,2018-04-25 07:01:04+00:00,0.3182,0.07,0.796,0.134,"These children on Sal Island in Cape Verde are working hard to clean up their beaches. 
#OurBluePlanet https://t.co/IziZtoSeEp"
BBC,34,2018-04-24 19:03:07+00:00,-0.3612,0.128,0.872,0.0,"A leading divorce lawyer leaves the family firm for a rival, throwing her relationships into turmoil in the process‚Ä¶ https://t.co/AHGrKnYPhA"
BBC,33,2018-04-24 18:00:24+00:00,0.25,0.0,0.882,0.118,"üêúü§ñ By turning ant brains into algorithms, scientists have created robots that navigate without GPS. https://t.co/8qGDjewneC"
BBC,32,2018-04-24 17:01:03+00:00,-0.25,0.095,0.905,0.0,üò≤ Australian police say they will review how a 12-year-old boy travelled alone to Bali after he had a row with his‚Ä¶ https://t.co/gskGhMaKgN
BBC,31,2018-04-24 16:08:00+00:00,0.6908,0.0,0.691,0.309,RT @bbcwritersroom: Want to get yr first @BBC writing credit? We're running a #Comedy monologue opportunity alongside @bbcmusic @bbcintrodu‚Ä¶
BBC,30,2018-04-24 16:01:03+00:00,0.0,0.0,1.0,0.0,"Queen Victoria was sort of the Darth Vader of the British Empire. 
#CunkOnBritain https://t.co/F4BGHWQtiz"
BBC,29,2018-04-24 15:21:18+00:00,0.0,0.0,1.0,0.0,"RT @BBCOne: When divorce is a family affair... 

#TheSplit. Starts tonight at 9pm on @BBCOne. https://t.co/T31iOt0GIx"
BBC,28,2018-04-24 15:20:51+00:00,-0.3818,0.133,0.867,0.0,"RT @BBCTwo: The Battle of Trafalgar really slowed down trade at the Pret a Manger. üòÇüá¨üáß @missdianemorgan #CunkOnBritain
https://t.co/5tkFNfD‚Ä¶"
BBC,27,2018-04-24 15:16:28+00:00,-0.34,0.167,0.833,0.0,RT @BBCNews: Gun salute takes place in London for new prince https://t.co/g5AEWrmRec https://t.co/dBoijinHBe
BBC,26,2018-04-24 15:00:24+00:00,-0.7506,0.262,0.738,0.0,"ü§¢ü•öThe planet Uranus has clouds made up of hydrogen sulphide, the gas that gives rotten eggs their unpleasant smell,‚Ä¶ https://t.co/WWBR6BuUa3"
BBC,25,2018-04-24 13:01:04+00:00,0.3384,0.0,0.883,0.117,"üì∏‚ù§Ô∏è This wedding photo will give you all the feels...

It's by the most committed photographer ever.
üëâ‚Ä¶ https://t.co/BRtArfWGTM"
BBC,24,2018-04-24 12:00:21+00:00,-0.6523,0.325,0.675,0.0,"üê∞ When your pet rabbit has got RAGE issues. 
#NightmarePetsSOS https://t.co/EQF2bAPgIF"
BBC,23,2018-04-24 11:10:06+00:00,-0.2006,0.171,0.695,0.134,"The faecal transplant, also known as trans-poo-sion, surely has the title of medicine's most disgusting procedure..‚Ä¶ https://t.co/433qH3AFV6"
BBC,22,2018-04-24 10:33:00+00:00,0.75,0.0,0.701,0.299,Cheers! üç¨üçã Sweet maker Gillian shows @NishaKatona how to make her gin and tonic marshmallows. #TopOfTheShop https://t.co/zLqZBO0Hg0
BBC,21,2018-04-24 10:12:04+00:00,0.0,0.0,1.0,0.0,RT @BBCOne: Less than one month to go until the #RoyalWedding!  üë∞ üíë üíçüéâ‚ù§Ô∏è https://t.co/4tpY4OERd0
BBC,20,2018-04-24 10:08:25+00:00,0.2023,0.0,0.913,0.087,"RT @bbceurovision: ""May we have your points please?..."" @Rylan prepares the 2018 #Eurovision artists for the all important scoring. ü§£ https‚Ä¶"
BBC,19,2018-04-24 09:08:33+00:00,0.0,0.0,1.0,0.0,RT @BBCNewsround: Why is Millicent Fawcett getting her own statue in Parliament Square? https://t.co/e6fNQd9ezH https://t.co/y09ruvrxIT
BBC,18,2018-04-24 09:02:42+00:00,0.2732,0.0,0.913,0.087,RT @BBCLookEast: Well done @simonsmarathon who completed the London Marathon late last night - he is the first man to finish the race using‚Ä¶
BBC,17,2018-04-24 08:47:41+00:00,0.0,0.0,1.0,0.0,"RT @BBCGetIn: **DEADLINE ALERT**

Just 4 days left to apply for our Communications Trainee Scheme!

Applications close on Thursday 26th Apr‚Ä¶"
BBC,16,2018-04-24 08:01:02+00:00,0.765,0.0,0.68,0.32,‚ù§Ô∏è This make-up artist is using her skills to help scarred women feel beautiful again. https://t.co/BuQ3vMwtPn
BBC,15,2018-04-24 07:29:05+00:00,0.0,0.0,1.0,0.0,"üåàüëÄ Did you know that depending on what language you speak, your eye perceives colours ‚Äì and the world ‚Äì differently‚Ä¶ https://t.co/Q6Cn2rteK3"
BBC,14,2018-04-24 07:00:08+00:00,-0.7003,0.271,0.639,0.09,"‚ÄòI‚Äôm determined to prove the terrorists wrong.‚Äô

Martin was paralysed in the Manchester Arena attack and is now tra‚Ä¶ https://t.co/qTRSdGxBeJ"
BBC,13,2018-04-23 19:15:23+00:00,0.0,0.0,1.0,0.0,"RT @BBCTwo: It's #ShakespearesBirthday so here's Hamlet's famous ""To be or not to be"" speech, performed by Andrew Scott! üìúüé≠üéÇ https://t.co/b‚Ä¶"
BBC,12,2018-04-23 18:53:11+00:00,0.0,0.0,1.0,0.0,üë∂üíñ The Duke and Duchess of Cambridge introduce their new son to the world. https://t.co/nmrD1axv6Y
BBC,11,2018-04-23 18:01:04+00:00,0.0,0.0,1.0,0.0,‚úàÔ∏è Do you know how to wear an oxygen mask?  https://t.co/pf8lvubtc9
BBC,10,2018-04-23 16:58:47+00:00,0.0,0.0,1.0,0.0,RT @BBCBreaking: The Duke and Duchess of Cambridge show off new son outside London hospital https://t.co/lGZ2YAK7um #royalbaby https://t.co‚Ä¶
BBC,9,2018-04-23 16:23:06+00:00,0.0,0.0,1.0,0.0,‚ù§Ô∏è The Duke of Cambridge has arrived at hospital with Prince George &amp; Princess Charlotte following birth of their b‚Ä¶ https://t.co/w0QF6vPprS
BBC,8,2018-04-23 16:01:07+00:00,-0.4767,0.205,0.795,0.0,"üòÇ That time the police busted Mary Berry smuggling ingredients into America‚Ä¶ 
#TheGNShow https://t.co/slxL3klU3h"
BBC,7,2018-04-23 15:32:35+00:00,-0.3182,0.108,0.892,0.0,"How much do you know about England, the English and the frequently odd things they do and eat? Celebrate‚Ä¶ https://t.co/zCiIrdYYkW"
BBC,6,2018-04-23 15:03:01+00:00,0.0,0.0,1.0,0.0,"How does plastic actually enter our oceans? 
#OurBluePlanet  https://t.co/LdOt9inVFS"
BBC,5,2018-04-23 13:53:37+00:00,0.0,0.0,1.0,0.0,RT @BBCNews: #royalbaby: Formal notice of birth displayed on forecourt of Buckingham Palace https://t.co/jU2MrpGseg https://t.co/wWgoKAeFaJ
BBC,4,2018-04-23 13:32:04+00:00,0.2263,0.102,0.756,0.142,üê∂‚ù§Ô∏è Australian police have praised a dog for remaining with a three-year-old girl as she spent a night lost in bush‚Ä¶ https://t.co/oGu1MgHiI0
BBC,3,2018-04-23 12:33:00+00:00,0.2263,0.059,0.844,0.097,"Beth is a trainee nurse about to start working in A&amp;E. üè•üöë

Can former nurse Una calm her nerves via a hidden earpie‚Ä¶ https://t.co/Z1HXesGbkQ"
BBC,2,2018-04-23 12:09:01+00:00,0.0,0.0,1.0,0.0,"üë∂‚ù§Ô∏è It's a boy! 

The Duchess of Cambridge gives birth to her third child, who is fifth in line to throne. 
üëâ‚Ä¶ https://t.co/txzbor7jKG"
BBC,1,2018-04-23 11:27:23+00:00,0.0,0.0,1.0,0.0,"Arthur? Albert? Mary? Alice?

As the Duchess of Cambridge goes into labour with her third child, speculation contin‚Ä¶ https://t.co/3a65q968kv"
CBS,100,2018-04-26 23:40:24+00:00,0.0,0.0,1.0,0.0,These stars are going undercover for #CelebrityBoss! Find out more about Celebrity @undercover_cbs premiering May 1‚Ä¶ https://t.co/Deyn76ADT9
CBS,99,2018-04-25 21:48:49+00:00,0.75,0.0,0.687,0.313,"New courage. New hope. New season. 

Season 3 of @CodeBlackCBS premieres TONIGHT at 10/9c on CBS! https://t.co/rR8xUCKlzI"
CBS,98,2018-04-25 18:09:50+00:00,0.5719,0.0,0.837,0.163,Celebrate #DNADay by letting your forensic flag fly and revisit some classic episodes of @CSI_CBS on CBS All Access‚Ä¶ https://t.co/YCbHDK2r4b
CBS,97,2018-04-25 16:55:33+00:00,0.6239,0.0,0.779,0.221,"Get ready for big reveals, dramatic conclusions, and huge guest stars! Find out more about the 2017-2018 season fin‚Ä¶ https://t.co/xcBChnjEvH"
CBS,96,2018-04-23 21:03:22+00:00,0.6696,0.0,0.756,0.244,Who‚Äôs ready to see these moves? üï∫ Tune in to the @latelateshow‚Äôs Carpool Karaoke Primetime Special TONIGHT at 10/9c! https://t.co/gjrURqXaPN
CBS,95,2018-04-22 16:00:03+00:00,0.4019,0.0,0.863,0.137,"The 53rd #ACMawards turned into one big party when @KeithUrban and @juliamichaels performed their upbeat single ""Co‚Ä¶ https://t.co/Q3Zj3EzuNs"
CBS,94,2018-04-20 22:00:01+00:00,-0.4019,0.105,0.895,0.0,A blind date was all it took. Learn more about Meghan Markle and her road to royalty from the people who know her b‚Ä¶ https://t.co/fEAMUblPQ4
CBS,93,2018-04-20 17:34:37+00:00,0.0,0.0,1.0,0.0,RT @carrieunderwood: ICYMI! Watch Carrie‚Äôs performance of #CryPretty from the #ACMawards below! -TeamCU https://t.co/T9I3ko2xFu
CBS,92,2018-04-19 20:00:00+00:00,0.0,0.0,1.0,0.0,There's a new addition to the cast of the upcoming revival of Murphy Brown!  Learn more about Tyne Daly's character‚Ä¶ https://t.co/ijSXSLyDaR
CBS,91,2018-04-19 19:00:02+00:00,0.4877,0.0,0.826,0.174,"Country superstar @LukeBryanOnline delivers his moving anthem ""Most People Are Good"" at the 53rd #ACMawards:‚Ä¶ https://t.co/GhhAsEDqmq"
CBS,90,2018-04-19 17:08:44+00:00,0.4939,0.0,0.868,0.132,"Coming to CBS All Access June 14, #StrangeAngel is inspired by the real life story of Jack Parsons and explores the‚Ä¶ https://t.co/IsPrXRNXye"
CBS,89,2018-04-18 21:00:01+00:00,0.4199,0.0,0.859,0.141,When you realize there are TWO episodes of @CrimMinds_CBS tonight! üëè Who‚Äôs ready for the double-episode season fina‚Ä¶ https://t.co/CWVAHHeIGr
CBS,88,2018-04-18 18:57:45+00:00,0.7688,0.0,0.706,0.294,Giving you even more reasons to celebrate! üéâ See which CBS series are back for another year: https://t.co/O2LI0eJXTA https://t.co/H436kL1jSK
CBS,87,2018-04-18 17:00:03+00:00,0.5994,0.0,0.804,0.196,"Watch country star @blakeshelton belt out his beautiful ballad ""I Lived It"" at the 53rd #AMCawards:‚Ä¶ https://t.co/w0WRmpQ6fk"
CBS,86,2018-04-18 15:14:39+00:00,0.0903,0.125,0.736,0.14,RT @joshgroban: I AM SO HAPPY I COULD CRY BUT ITS MIDNIGHT IN JAPAN SO I WILL SLEEP BUT ‚ÄºÔ∏è‚ÄºÔ∏è‚ÄºÔ∏è‚ÄºÔ∏èüë´üèÜüé≠üò≠üîú #TonyAwards2018 https://t.co/NLss47K6‚Ä¶
CBS,85,2018-04-18 15:10:34+00:00,0.0,0.0,1.0,0.0,Broadway stars @SaraBareilles and @joshgroban will host @TheTonyAwards on June 10! Hear how these multi-talented ar‚Ä¶ https://t.co/jy52FKd7t0
CBS,84,2018-04-17 00:26:33+00:00,0.0,0.0,1.0,0.0,Can you believe it‚Äôs been 11 years since @taylorswift13‚Äôs first-ever performance at the #ACMawards?! Look back at t‚Ä¶ https://t.co/QHSPuJLLFb
CBS,83,2018-04-16 23:00:02+00:00,0.0,0.0,1.0,0.0,Waiting for the @ScorpionCBS season finale to start like‚Ä¶ Tune in at 10/9c! https://t.co/peoDXtO707
CBS,82,2018-04-16 17:00:04+00:00,0.0,0.0,1.0,0.0,Cast your vote! #ACMawards https://t.co/57ZN5gr6Y1
CBS,81,2018-04-16 16:02:49+00:00,0.2714,0.071,0.806,0.123,RT @CBSTweet: #CBSRatingsNews: #ACMawards Dominate on #CBS.  Over 12 million Total Viewers.  +11% year to year increase!  Biggest audience‚Ä¶
CBS,80,2018-04-16 15:00:02+00:00,-0.296,0.167,0.833,0.0,"In case you missed it, watch the entire #ACMawards now: https://t.co/P3pgMJE2oh https://t.co/OOG2R0Mb4J"
CBS,79,2018-04-16 06:11:41+00:00,0.5719,0.0,0.821,0.179,Relive a night of all-star country music performances and epic wins at the #ACMawards. Stream the entire show:‚Ä¶ https://t.co/iA3SMVIhpA
CBS,78,2018-04-16 06:00:00+00:00,0.765,0.0,0.708,0.292,Multiple ACM Award Winners @KeithUrban and @carrieunderwood just added one more trophy to their collection with the‚Ä¶ https://t.co/rMGCzOeJQK
CBS,77,2018-04-16 05:55:00+00:00,0.0,0.0,1.0,0.0,That's a wrap for the 53rd #ACMawards! üé¨ https://t.co/jM0HKud3d6
CBS,76,2018-04-16 05:30:00+00:00,0.0,0.0,1.0,0.0,"To all of tonight's nominees, we tip our hats to you! ü§† #ACMawards https://t.co/eytEezfIgS"
CBS,75,2018-04-16 05:00:00+00:00,0.636,0.0,0.682,0.318,Retweet if you think @carrieunderwood looks beautiful tonight! #ACMawards https://t.co/sqefiLBcXd
CBS,74,2018-04-16 05:00:00+00:00,0.128,0.1,0.776,0.123,"In case you missed any, here's a rundown of all the performers from Country Music's Party of the Year¬Æ:‚Ä¶ https://t.co/KtRKXkUpmI"
CBS,73,2018-04-16 03:56:42+00:00,0.5255,0.0,0.841,0.159,The #ACMawards crowd was roaring for Vocal Event Of The Year winners @KeithUrban and @carrieunderwood! Here is the‚Ä¶ https://t.co/rFB5f2lVo7
CBS,72,2018-04-16 03:06:10+00:00,0.8392,0.123,0.437,0.44,RT @AmberLee_RN: Anyone else crying from that @Jason_Aldean acceptance speech?! Wow! Congrats Jason! #vegasstrong #ACMawards
CBS,71,2018-04-16 03:02:50+00:00,0.4389,0.0,0.792,0.208,"Put your hands up for Entertainer of the Year, @Jason_Aldean! üôå #ACMawards https://t.co/QLFrrsyU8R"
CBS,70,2018-04-16 03:00:10+00:00,0.8268,0.0,0.648,0.352,RT @min_d24: Love how @LukeBryanOnline was straight fan girling on @reba and @kelly_clarkson tonight on the #ACMawards! Y'all #killedit
CBS,69,2018-04-16 02:58:55+00:00,0.0,0.0,1.0,0.0,"Was that ""A-sharp"" performance by @reba and @kelly_clarkson or what!? üéº #ACMawards https://t.co/19pDyrELqC"
CBS,68,2018-04-16 02:57:41+00:00,0.8687,0.0,0.605,0.395,The news keeps getting better and better. @ChrisStapleton deserves a standing ovation tonight! He wins again for Ma‚Ä¶ https://t.co/6m7nZFwPyK
CBS,67,2018-04-16 02:35:58+00:00,0.7152,0.0,0.626,0.374,RT @MattBoveHS: Most People Are Good is such a powerful song #ACMawards @LukeBryanOnline
CBS,66,2018-04-16 02:26:16+00:00,0.0,0.0,1.0,0.0,We have our #ACMawards Female Vocalist of the Year: @mirandalambert! üëè https://t.co/Xu7WPuv1f2
CBS,65,2018-04-16 02:22:40+00:00,0.5106,0.0,0.798,0.202,"Without this talented group of women, @mirandalambert @reba @MarenMorris @KelseaBallerini and @carrieunderwood, lif‚Ä¶ https://t.co/Zwqh2PAdM1"
CBS,64,2018-04-16 02:12:19+00:00,0.8877,0.0,0.512,0.488,RT @ElizabethGilbe3: @carrieunderwood never disappoints! What an amazing voice and beautiful soul! #ACMawards #girlcrush
CBS,63,2018-04-16 02:10:19+00:00,0.0,0.0,1.0,0.0,RT @SarahJPrimo: I could listen to Dan and Shay all day  #ACMawards
CBS,62,2018-04-16 02:10:11+00:00,0.7027,0.0,0.744,0.256,RT @MegsMouthful: @carrieunderwood Just WOW. Can‚Äôt wait to hear more of your new music! #ACMawards
CBS,61,2018-04-16 02:10:09+00:00,0.807,0.0,0.641,0.359,Hugs for @CarrieUnderwood and @KeithUrban's big win for Vocal Event of the Year! #ACMawards https://t.co/nn2XJ6nCSi
CBS,60,2018-04-16 02:04:45+00:00,0.0,0.0,1.0,0.0,Always be yourself. Unless you can be @carrieunderwood. Then be Carrie Underwood! #ACMawards #CryPretty https://t.co/32n0QJ1FLD
CBS,59,2018-04-16 02:02:19+00:00,-0.5423,0.189,0.811,0.0,"RT @VeldmanKylie: Carrie Underwood gives me chills everytime she performs, she always kills it üî•‚ù§ #ACMawards"
CBS,58,2018-04-16 01:47:20+00:00,0.0,0.0,1.0,0.0,Hands up for @littlebigtown at the #ACMawardsüôå https://t.co/o8YFtpGLfK
CBS,57,2018-04-16 01:47:01+00:00,0.7707,0.0,0.677,0.323,RT @reba: So good to see my friend Eve twice this week! @therealeve @acmawards #acmawards https://t.co/a6LxEaQt8L
CBS,56,2018-04-16 01:46:34+00:00,0.5859,0.0,0.759,0.241,See all the amazing red carpet looks from the 53rd #ACMawards: https://t.co/ZeZiMXphFK https://t.co/Gi79cuuVPm
CBS,55,2018-04-16 01:41:44+00:00,0.8374,0.0,0.602,0.398,RT @maddymika_: the ACM awards are the BEST night of the year üòçüòçüòç‚ù£Ô∏è‚ù£Ô∏è‚ù£Ô∏è #ACMAwards
CBS,54,2018-04-16 01:40:16+00:00,-0.7027,0.368,0.632,0.0,üö® Sound the alarm because @mirandalambert is on FIRE üî• at the #ACMawards! https://t.co/11vshBs4EV
CBS,53,2018-04-16 01:36:25+00:00,-0.3254,0.34,0.451,0.209,RT @Skylar_Jean: @mirandalambert can do NO wrong. She is perfection. #ACMawards
CBS,52,2018-04-16 01:36:19+00:00,0.4588,0.0,0.769,0.231,RT @EmilyyBruorton: @mirandalambert is my all time favorite üî•#ACMAwards #keeperoftheflame #thebest
CBS,51,2018-04-16 01:34:44+00:00,0.0,0.0,1.0,0.0,Hats off to @Jason_Aldean! ü§† #ACMawards https://t.co/1WSjnafKoX
CBS,50,2018-04-16 01:33:02+00:00,0.6222,0.0,0.761,0.239,RT @alyssaa711: Country music just brings so much joy to my heart ‚ù§Ô∏è #ACMawards
CBS,49,2018-04-16 01:32:27+00:00,0.891,0.075,0.543,0.382,"She may hate love songs, but @KelseaBallerini knows how to write a great one. üíï Give her a round of applause for th‚Ä¶ https://t.co/r50viWNM0Z"
CBS,48,2018-04-16 01:29:12+00:00,0.8588,0.0,0.596,0.404,The feeling when you win Vocal Group of the Year at the #ACMawards üéâ Congratulations to @OldDominion! https://t.co/4SjYLtwLXy
CBS,47,2018-04-16 01:25:58+00:00,0.0,0.0,1.0,0.0,RT @LouisianaNashie: Way to go Old Dominion #acmawards
CBS,46,2018-04-16 01:24:45+00:00,0.4199,0.0,0.843,0.157,There's nothing in the world like that performance by @KeithUrban and @juliamichaels. Nicole Kidman agrees!‚Ä¶ https://t.co/VlwVUkNZCi
CBS,45,2018-04-16 01:23:22+00:00,0.8902,0.0,0.654,0.346,RT @AbigailRamage: @reba is slaying the game! Loving her outfits and her puns. She is absolutely stunning!! My all time fave ‚ù§Ô∏è‚ù§Ô∏è #ACMAwards
CBS,44,2018-04-16 01:19:11+00:00,0.5994,0.0,0.766,0.234,"First-ever #ACMAwards winner @BrettYoungMusic stuns the crowd with an incredible performance of his hit, ""In Case Y‚Ä¶ https://t.co/ftoksP7HrZ"
CBS,43,2018-04-16 01:09:49+00:00,0.7184,0.0,0.625,0.375,RT @tiffstarr16: ACM awards are my favorite time of the yearüòç #ACMawards
CBS,42,2018-04-16 01:08:07+00:00,0.0,0.0,1.0,0.0,RT @adelleborchetta: Loooove this song!!! @kanebrown and @Lauren_Alaina #WhatIfs #ACMAwards üòç‚ù§Ô∏èüéâ
CBS,41,2018-04-16 01:07:45+00:00,0.0,0.0,1.0,0.0,RT @kel_lee213: That Kane Brown performance üòçü§©üëè #kanebrown #whatif #ACMawards #country
CBS,40,2018-04-16 01:06:21+00:00,0.6696,0.0,0.837,0.163,"What if you were made for us, and we were made for you!? ‚ù§Ô∏è How much did you love @kanebrown and @Lauren_Alaina's d‚Ä¶ https://t.co/xiZQ5wgddc"
CBS,39,2018-04-16 01:04:17+00:00,0.5255,0.0,0.78,0.22,What a performance! @gwenstefani was all smiles when @blakeshelton was on stage. #ACMawards https://t.co/yxbA1DbieE
CBS,38,2018-04-16 01:01:33+00:00,0.6688,0.0,0.572,0.428,RT @wendyjo3: #ACMawards loved that @blakeshelton performance!!
CBS,37,2018-04-16 00:58:51+00:00,0.0,0.0,1.0,0.0,"Making her first-ever appearance at the #ACMAwards, @BebeRexha performs her chart-topping collaboration with‚Ä¶ https://t.co/u1KXKrCbdD"
CBS,36,2018-04-16 00:51:28+00:00,0.4199,0.0,0.811,0.189,This song by @ladyantebellum sounds like the single for the summer! üé∂ #ACMawards https://t.co/81aj1vqFYh
CBS,35,2018-04-16 00:50:09+00:00,0.5719,0.0,0.619,0.381,RT @42nagirl: Lady Antebellum is perfection. #ACMawards
CBS,34,2018-04-16 00:47:48+00:00,0.8513,0.0,0.611,0.389,"Hot off the presses! Congratulations on your win and your newborn twins, @ChrisStapleton ! #ACMawards https://t.co/4e9qhxMN69"
CBS,33,2018-04-16 00:35:51+00:00,0.857,0.0,0.587,0.413,RT @_miracarrara: #ACMawards I am so happy ‚ÄúTin Man‚Äù won song of the year. amazingüòç@mirandalambert
CBS,32,2018-04-16 00:34:38+00:00,0.8118,0.0,0.487,0.513,RT @TheAmelieAnna: Yaaas! @mirandalambert congrats on #Tinman winning! #ACMAwards
CBS,31,2018-04-16 00:33:32+00:00,0.8398,0.0,0.579,0.421,Congratulations to @mirandalambert for her #ACMawards win for Song of the Year! https://t.co/pucK1Us49R
CBS,30,2018-04-16 00:28:40+00:00,0.4199,0.0,0.811,0.189,Looks like @BebeRexha and @FLAGALine are ‚ÄúMeant To Be‚Äù at the #ACMawards! üé∂ https://t.co/0RvqyJ9geh
CBS,29,2018-04-16 00:22:23+00:00,0.8225,0.0,0.678,0.322,RT @AlliCat028: Loving the show so far. @ChrisYoungMusic rocked it and of course @reba is perfect. @ACMawards #ACMAwards
CBS,28,2018-04-16 00:20:59+00:00,0.8271,0.0,0.588,0.412,RT if you loved that amazing performance of ‚ÄúRich‚Äù by @MarenMorris üí∏ #ACMawards https://t.co/3FeWpdOSl6
CBS,27,2018-04-16 00:09:58+00:00,0.4753,0.0,0.744,0.256,"Give a round of applause for the #ACMawards host, @reba! üëè https://t.co/ilIBWn6VIn"
CBS,26,2018-04-16 00:04:04+00:00,0.6369,0.0,0.826,0.174,RT @JustinPlummer15: Laid up in bed with my dog watching the #ACMAwards is the best way to spend Sunday night üëåüèª
CBS,25,2018-04-15 23:59:46+00:00,0.6996,0.0,0.721,0.279,Get ready to see your favorite country stars light up the night. The #ACMawards start NOW! https://t.co/SCf66kSWxT
CBS,24,2018-04-15 23:30:00+00:00,0.0,0.0,1.0,0.0,Kick your boots off and stream the 53rd #ACMawards in 30 minutes on CBS All Access: https://t.co/sdTTidJYre https://t.co/pyi23nBPSH
CBS,23,2018-04-15 22:00:02+00:00,0.5093,0.0,0.87,0.13,Tonight's the night! Tune in at 8/7c to see @reba and all your favorite country artists take Vegas by storm at the‚Ä¶ https://t.co/UlPpES5eN8
CBS,22,2018-04-15 21:00:01+00:00,0.1759,0.0,0.922,0.078,The anticipation is real. Just three hours away from the 53rd #ACMawards! Tune in at 8/7c on CBS All Access:‚Ä¶ https://t.co/9os3PJ4pyQ
CBS,21,2018-04-15 20:00:01+00:00,0.6369,0.0,0.802,0.198,"Are you ready to party with @dariusrucker in a few hours at the #ACMawards? Watch the show LIVE at 8/7c on CBS, or‚Ä¶ https://t.co/xAGKgZFRoD"
CBS,20,2018-04-15 16:00:01+00:00,0.0,0.0,1.0,0.0,Look out for @LukeBryanOnline's performance tonight at the 53rd #ACMawards! https://t.co/dgxgsfj5Hg
CBS,19,2018-04-14 23:00:01+00:00,0.34,0.0,0.893,0.107,Are you as excited for the #ACMawards as @KelseaBallerini? This Female Vocalist Of The Year nominee is taking the s‚Ä¶ https://t.co/JSj5jGH25H
CBS,18,2018-04-14 20:26:59+00:00,0.0,0.0,1.0,0.0,Watch @Jason_Aldean and @ThomasRhett take a break from rehearsals to spend quality time with Route 91 Survivors.‚Ä¶ https://t.co/TiDfaYxJUm
CBS,17,2018-04-14 18:17:12+00:00,0.8402,0.0,0.625,0.375,Country's brightest stars like @ThomasRhett are ready to pour their hearts out during their performances tomorrow n‚Ä¶ https://t.co/m3zOG8M8lw
CBS,16,2018-04-14 14:00:00+00:00,0.4574,0.0,0.864,0.136,You‚Äôre invited to Country Music's Party of the Year¬Æ! Here's everything you need to know before watching the 53rd‚Ä¶ https://t.co/Xr4iamFD7t
CBS,15,2018-04-13 22:33:38+00:00,0.4003,0.0,0.77,0.23,Get excited! @NCIS_CBS has been renewed for Season 16. https://t.co/JnL0D0vMsV
CBS,14,2018-04-13 22:02:29+00:00,0.3612,0.0,0.884,0.116,What goes into putting on an extraordinary show like the 53rd #ACMawards? Head behind the scenes with the executive‚Ä¶ https://t.co/2sFRfYNAku
CBS,13,2018-04-13 21:49:53+00:00,0.4939,0.0,0.824,0.176,Enjoy this #FlashbackFriday revisiting @ThomasRhett @KaceyMusgraves and more of country's biggest names for their f‚Ä¶ https://t.co/cnCQBnP1xI
CBS,12,2018-04-13 19:54:31+00:00,0.7088,0.0,0.718,0.282,"Host of the 53rd #ACMawards @reba is ready for ""family, friends, and getting together"" this Sunday! https://t.co/y25ZipnL32"
CBS,11,2018-04-13 17:46:40+00:00,0.0,0.0,1.0,0.0,It's almost time for Broadway's Biggest Night! @katharinemcphee and @leslieodomjr are set to announce nominations f‚Ä¶ https://t.co/oHbuSD5ijc
CBS,10,2018-04-13 16:58:12+00:00,0.0,0.0,1.0,0.0,"In two days, Vocal Group Of The Year nominee @ladyantebellum will be serenading fans from the 53rd #ACMawards stage‚Ä¶ https://t.co/ku9cnef29x"
CBS,9,2018-04-12 21:00:00+00:00,0.0,0.0,1.0,0.0,"In just a few days, country superstar @KeithUrban will take center stage with @juliamichaels to perform his new sin‚Ä¶ https://t.co/he6TsePMgA"
CBS,8,2018-04-12 19:00:03+00:00,0.4939,0.0,0.873,0.127,Country star @MarenMorris lit up the stage in honor of @eltonofficial and she's about to belt it out again at the 5‚Ä¶ https://t.co/OkGaL9MlB2
CBS,7,2018-04-12 18:06:10+00:00,0.4389,0.0,0.855,0.145,"Comedian, actor, and global superstar @KevinHart4real will host CBS‚Äô new TV competition TKO: TOTAL KNOCK OUT! Learn‚Ä¶ https://t.co/0XfMAoakDM"
CBS,6,2018-04-12 16:08:57+00:00,0.8442,0.0,0.676,0.324,You may be surprised to learn some of your favorite TV stars have deep southern roots and a love for country music.‚Ä¶ https://t.co/rCoNVI0qeT
CBS,5,2018-04-11 23:19:26+00:00,0.0,0.0,1.0,0.0,RT @TheTalkCBS: WATCH: @Reba McEntire AND @kelly_clarkson will be singing a duet together at the #ACMs! Check out which song they chose üëç h‚Ä¶
CBS,4,2018-04-11 22:24:38+00:00,0.296,0.0,0.891,0.109,"This Sunday night, @carrieunderwood will be taking the stage to share her soon-to-be-released single live at the 53‚Ä¶ https://t.co/NRS6RAaKZK"
CBS,3,2018-04-11 14:58:56+00:00,0.6809,0.213,0.449,0.338,"Pets‚Äîyou can't help but love 'em! Celebrate #NationalPetDay with more sweet, unexpected moments between Frasier and‚Ä¶ https://t.co/o4gNRN42su"
CBS,2,2018-04-11 14:07:00+00:00,0.5574,0.0,0.805,0.195,"Today, 53rd #ACMawards host @reba will be answering fan questions when she takes to Facebook Live. Be sure to tune‚Ä¶ https://t.co/vsSjAPFW1Z"
CBS,1,2018-04-11 13:35:30+00:00,0.0,0.0,1.0,0.0,"Country stars @JonPardi, @OfficialJackson, and more to perform ""ACM Flashbacks"" at the 53rd #ACMawards. Learn more‚Ä¶ https://t.co/z2KEo3PVUN"
CNN,100,2018-04-29 00:05:50+00:00,0.0,0.0,1.0,0.0,"Former White House Communications Director Anthony Scaramucci says President Trump ""probably has a conflicted view‚Ä¶ https://t.co/tHaVAeoSOk"
CNN,99,2018-04-29 00:00:05+00:00,-0.2023,0.127,0.8,0.073,Why President Trump's snubbing of the White House correspondents' dinner matters https://t.co/Z0zmOipmmI | Analysis‚Ä¶ https://t.co/pMbmogZ8Jr
CNN,98,2018-04-28 23:57:23+00:00,0.5423,0.102,0.671,0.226,RT @CNNPolitics: President Trump attacks Democrats at the rally: ‚ÄúThe Democrats don‚Äôt care about our military ... they don‚Äôt care about our‚Ä¶
CNN,97,2018-04-28 23:53:14+00:00,0.0,0.0,1.0,0.0,"The crowd in Washington Township, Michigan, chants ""Nobel! Nobel!"" as President Trump talks North Korea‚Ä¶ https://t.co/qPS4cnChG2"
CNN,96,2018-04-28 23:48:43+00:00,0.0,0.0,1.0,0.0,"President Trump started his rally in Michigan with a jab at the White House Correspondents' Dinner: ""I'd rather be‚Ä¶ https://t.co/42suPwG9x5"
CNN,95,2018-04-28 23:42:01+00:00,0.4336,0.0,0.875,0.125,"President Trump speaks at a rally in Michigan: ‚ÄúWe need to elect more Republicans so we can protect our cities, def‚Ä¶ https://t.co/hVT6m8l0W0"
CNN,94,2018-04-28 23:39:00+00:00,0.0,0.0,1.0,0.0,RT @CNNPolitics: Former White House economic adviser Gary Cohn at the White House Correspondents‚Äô Dinner: ‚ÄúFreedom of the press is very imp‚Ä¶
CNN,93,2018-04-28 23:36:51+00:00,-0.5423,0.232,0.657,0.111,"Larry Harvey, the founder of the Burning Man festival now held in Nevada, has died at age 70 after suffering a stro‚Ä¶ https://t.co/FuL6HCtoE0"
CNN,92,2018-04-28 23:33:51+00:00,0.0,0.0,1.0,0.0,"President Trump speaks in Washington Township, Michigan. https://t.co/UYpqI3w42L

Watch on Facebook:‚Ä¶ https://t.co/ZjWccYtjb5"
CNN,91,2018-04-28 23:30:04+00:00,-0.296,0.194,0.694,0.111,"Bill Cosby prosecutor ""filled with awe"" after his guilty verdict https://t.co/HXgMtbkF22 https://t.co/UsFxnGeDAt"
CNN,90,2018-04-28 23:27:03+00:00,0.0,0.0,1.0,0.0,President Trump is skipping tonight's annual White House correspondents' dinner to hold a campaign rally in Michiga‚Ä¶ https://t.co/fxwpDSzkkn
CNN,89,2018-04-28 23:26:56+00:00,0.0,0.0,1.0,0.0,"President Trump is holding a campaign-style rally in Washington Township, Michigan. Follow live updates:‚Ä¶ https://t.co/93luKEW5RT"
CNN,88,2018-04-28 23:20:07+00:00,0.0,0.0,1.0,0.0,President Trump is skipping the White House correspondents' dinner for the second year in a row. Follow live update‚Ä¶ https://t.co/mg4u9Fk0cr
CNN,87,2018-04-28 23:13:01+00:00,0.3612,0.0,0.872,0.128,White House press secretary Sarah Sanders says President Trump encouraged his staff to attend this year's correspon‚Ä¶ https://t.co/fWR05TuG2G
CNN,86,2018-04-28 23:00:06+00:00,0.4939,0.0,0.814,0.186,"Seattle Seahawks draft a player with one hand, the first in modern NFL history https://t.co/GGyUneemM8 https://t.co/nAmkAvcQxk"
CNN,85,2018-04-28 22:56:00+00:00,0.0,0.0,1.0,0.0,"CNN's Brian Stelter says dozens of White House officals attending the Correspondents' Dinner ""shows how hollow the‚Ä¶ https://t.co/vXjozorGTz"
CNN,84,2018-04-28 22:49:03+00:00,0.3182,0.0,0.858,0.142,Jean-Eric Vergne claims an emotional victory in his home city of Paris to extend his title lead in the Formula E ch‚Ä¶ https://t.co/7vfgtWkPil
CNN,83,2018-04-28 22:42:57+00:00,0.0,0.0,1.0,0.0,CNN's Dianne Gallagher reports that a big crowd of people is lined up waiting to attend a Trump rally in Michigan.‚Ä¶ https://t.co/vcf8G8SyvL
CNN,82,2018-04-28 22:34:05+00:00,0.0,0.0,1.0,0.0,Largest child sacrifice in history discovered in Peru https://t.co/F6JCXFLqga https://t.co/AMp8qB0w9A
CNN,81,2018-04-28 22:27:00+00:00,0.0,0.0,1.0,0.0,"""The President is known to go in all sorts of directions at these rallies. ... he's among his supporters."" CNN's Bo‚Ä¶ https://t.co/KiBd3ij56I"
CNN,80,2018-04-28 22:20:08+00:00,-0.296,0.145,0.855,0.0,Democrats need to stop believing this myth about Trump's base https://t.co/9pnZ8nW2te (via @CNNOpinion) https://t.co/8TYAwvpJWs
CNN,79,2018-04-28 22:13:12+00:00,0.0,0.0,1.0,0.0,Former White House press secretary Sean Spicer arrives on the red carpet of the White House Correspondents' Dinner.‚Ä¶ https://t.co/Y26NWl3MDj
CNN,78,2018-04-28 22:00:03+00:00,0.4939,0.0,0.802,0.198,Alfie's Army rallies behind his family and releases balloons in his honor https://t.co/S2lrmgGwDq https://t.co/wgwohD5XZT
CNN,77,2018-04-28 21:45:06+00:00,-0.743,0.333,0.597,0.07,"Thousands protest after men are cleared of rape in Spain's ""wolf pack"" case https://t.co/pk0Lcaa4WV https://t.co/3xdwBoqpPe"
CNN,76,2018-04-28 21:30:08+00:00,0.5574,0.142,0.526,0.332,Joy Reid apologizes and says experts haven't proven she was hacked https://t.co/AuWUmc769z https://t.co/fKTdJtR6yp
CNN,75,2018-04-28 21:15:07+00:00,0.0,0.0,1.0,0.0,"British supermarket chain Sainsbury's in ""advanced"" merger talks with Walmart's Asda https://t.co/qFGHFsnda1 https://t.co/kk8MNJm212"
CNN,74,2018-04-28 21:00:08+00:00,0.0,0.0,1.0,0.0,President Trump to skip White House Correspondents' Dinner for Michigan rally https://t.co/PcCNRpqnGh https://t.co/OgmRtq8l80
CNN,73,2018-04-28 20:45:03+00:00,0.0,0.0,1.0,0.0,"President Trump may have just had a breakthrough, writes Frida Ghitis for @CNNOpinion https://t.co/eXXqkgZ1jr https://t.co/odHr6m14yU"
CNN,72,2018-04-28 20:30:05+00:00,0.0,0.0,1.0,0.0,What to expect at the White House Correspondents' dinner https://t.co/7cpfigUXYM https://t.co/rAzCEqJOu7
CNN,71,2018-04-28 20:15:05+00:00,0.5859,0.0,0.625,0.375,Veterans' grass-roots movement shares health benefits of marijuana https://t.co/ASR2JEfHXL https://t.co/g2obaa6tAS
CNN,70,2018-04-28 20:00:10+00:00,0.5267,0.0,0.726,0.274,"North Korean state media praises ""historic"" Kim-Moon summit https://t.co/yoEiSPqb7J https://t.co/vAkN23ucHn"
CNN,69,2018-04-28 19:45:06+00:00,0.7506,0.0,0.714,0.286,South Koreans dare to hope of once unthinkable peace with North Korean leader Kim Jong Un https://t.co/IQZjkgkyFd https://t.co/Yf0AtCoWZw
CNN,68,2018-04-28 19:30:14+00:00,0.0,0.0,1.0,0.0,"Texas voter ID law can go into effect, appeals court panel rules https://t.co/KUMDKOEA0I https://t.co/HO460OF9o4"
CNN,67,2018-04-28 19:15:09+00:00,0.0,0.192,0.548,0.26,This bill could weaken the protection of a credit freeze https://t.co/mmVkY9BttT https://t.co/KDVxAnSYQO
CNN,66,2018-04-28 19:00:06+00:00,0.7184,0.0,0.647,0.353,"China and India agree to maintain border peace, as summit ends https://t.co/mbe9FCpyAc https://t.co/13e9MUtA2v"
CNN,65,2018-04-28 18:45:07+00:00,0.4215,0.127,0.633,0.241,Australian Olympian Peter Norman honored over 1968 black power protest https://t.co/Am7VJfOwCS https://t.co/rj0fzhzawB
CNN,64,2018-04-28 18:30:06+00:00,0.0,0.0,1.0,0.0,Who is Meghan Markle's future husband? https://t.co/xrBmz2CcXG https://t.co/Eg76r4rwnl
CNN,63,2018-04-28 18:15:04+00:00,0.1779,0.0,0.855,0.145,Everything Amazon has added to Prime over the years https://t.co/9hB9XzHbLG https://t.co/yDYCJrI2z8
CNN,62,2018-04-28 18:15:00+00:00,0.8834,0.0,0.57,0.43,New Orleans residents share their pride and passion for their home as the city celebrates its 300th anniversary‚Ä¶ https://t.co/UfCy8h12Di
CNN,61,2018-04-28 18:00:09+00:00,-0.4767,0.162,0.838,0.0,"White House shows documents to defend Dr. Ronny Jackson on car accident, some questions over pills‚Ä¶ https://t.co/5c3ChCSNym"
CNN,60,2018-04-28 17:45:05+00:00,-0.34,0.112,0.888,0.0,President Trump calls for Democratic Sen. Jon Tester to resign over his opposition to White House physician Ronny J‚Ä¶ https://t.co/ZJhmRN8aAc
CNN,59,2018-04-28 17:30:13+00:00,0.0,0.0,1.0,0.0,The Gaia satellite gave us a new star map that is out of this world https://t.co/AF3vhrj9jy (via @CNNOpinion) https://t.co/7t7pSfFiFe
CNN,58,2018-04-28 17:15:06+00:00,0.5106,0.0,0.784,0.216,Liberian ex-President Ellen Johnson Sirleaf dedicates $5M prize to women's empowerment https://t.co/Z1FxeTtMCz https://t.co/C7PSeLQaXL
CNN,57,2018-04-28 17:00:07+00:00,-0.6369,0.292,0.593,0.114,"Judge in case Jeff Sessions picked for immigrant domestic violence asylum review issued ""clearly erroneous"" decisio‚Ä¶ https://t.co/iCPBhArGFZ"
CNN,56,2018-04-28 16:45:02+00:00,0.4019,0.0,0.803,0.197,British toddler Alfie Evans dies after life support is withdrawn https://t.co/kWyjArvwSW https://t.co/aivTfu5iCV
CNN,55,2018-04-28 16:30:09+00:00,-0.6705,0.36,0.64,0.0,Military officials killed in Somalia restaurant blast https://t.co/eX3me7Hdx4 https://t.co/R8s04UZkvK
CNN,54,2018-04-28 16:15:06+00:00,-0.296,0.196,0.804,0.0,Here's what you missed during a busy news week https://t.co/rsVrBe1WFd https://t.co/AaO16FxKqY
CNN,53,2018-04-28 16:00:11+00:00,0.4404,0.0,0.769,0.231,Defense Secretary James Mattis woos National Security Advisor John Bolton with breakfast club invite‚Ä¶ https://t.co/1LDQiN4soe
CNN,52,2018-04-28 15:45:11+00:00,-0.8957,0.607,0.393,0.0,Soldiers among 6 killed in Afghanistan car bomb attack https://t.co/GMsLhU1UE9 https://t.co/tEGfMBMEvl
CNN,51,2018-04-28 15:34:24+00:00,0.0,0.0,1.0,0.0,President Trump and South Korean President Moon talk ahead of North Korea meeting https://t.co/t6LGP10E07 https://t.co/HjO4dSX67p
CNN,50,2018-04-28 15:00:06+00:00,0.5574,0.0,0.841,0.159,"Kanye West just released a new song defending his praise for Trump. The track features West debating with Tip ""T.I.‚Ä¶ https://t.co/asge9HLqNw"
CNN,49,2018-04-28 14:31:01+00:00,0.0,0.0,1.0,0.0,3000 miles. Sickness. Trains of trash. A 27-year-old pregnant mother of two recounts fleeing from Honduras alongsid‚Ä¶ https://t.co/wzULYjTADs
CNN,48,2018-04-28 14:01:08+00:00,-0.6249,0.255,0.745,0.0,These kids were being bullied. Then a photographer transformed them into Avengers superheroes‚Ä¶ https://t.co/oRtaz9zecY
CNN,47,2018-04-28 13:31:07+00:00,-0.3612,0.217,0.783,0.0,Here's how far teacher salaries have fallen behind https://t.co/6XtGE8D2nK https://t.co/hcdGo2sAPZ
CNN,46,2018-04-28 13:01:07+00:00,0.34,0.0,0.805,0.195,Amazon is raising the price of Amazon Prime from $99 to $119 per year https://t.co/N0DpVCku8I https://t.co/84REwojwf9
CNN,45,2018-04-28 12:31:03+00:00,0.0,0.0,1.0,0.0,Sweden has opened the world's first public road that allows electric cars to recharge while driving‚Ä¶ https://t.co/Rfw1DgEHKD
CNN,44,2018-04-28 12:01:02+00:00,0.7717,0.0,0.642,0.358,"The super groovy talent behind ""Schoolhouse Rock"" | By Gene Seymour via @CNNOpinion https://t.co/8P3O7IDmnH https://t.co/rTKmd9z58Q"
CNN,43,2018-04-28 11:31:05+00:00,0.0,0.0,1.0,0.0,"As the world's most populous nation, with the second-biggest economy, China is finding new and increasingly nerve-r‚Ä¶ https://t.co/lfY9olJ3FX"
CNN,42,2018-04-28 11:01:02+00:00,0.3612,0.0,0.828,0.172,Get ready for the world's longest nonstop flight: Almost 20 hours https://t.co/ILyfh70lqm https://t.co/e8HtT9SZXf
CNN,41,2018-04-28 10:46:04+00:00,0.7501,0.0,0.767,0.233,"""Hannity is a very wealthy man. So is Donald Trump. It appears that part of the way they became rich was by decryin‚Ä¶ https://t.co/tZ5M9pVhL9"
CNN,40,2018-04-28 10:31:05+00:00,-0.1779,0.145,0.855,0.0,These mysterious Arctic ice holes have NASA scientists puzzled https://t.co/EX5e9ACPux https://t.co/93xOfQRUqP
CNN,39,2018-04-28 10:16:05+00:00,-0.5267,0.167,0.833,0.0,A man was threatening to jump off an overpass so these truckers parked underneath to break his fall‚Ä¶ https://t.co/gMe3YRDj4A
CNN,38,2018-04-28 10:01:05+00:00,0.0,0.0,1.0,0.0,Nickelodeon is bringing back 'Double Dare' https://t.co/hJqRcKg93b https://t.co/Xkj4pEPnWO
CNN,37,2018-04-28 09:46:01+00:00,0.0,0.0,1.0,0.0,"Walmart's CEO earns 1,188 times as much as the company's median worker https://t.co/EfQG8ccR3e https://t.co/Ihk2Ta8Rju"
CNN,36,2018-04-28 09:31:09+00:00,0.0,0.0,1.0,0.0,The hands did the talking during Macron's visit | GIF analysis by Brenna Williams https://t.co/sNMkmqz3Sx https://t.co/pt9qgW5ko9
CNN,35,2018-04-28 09:16:04+00:00,-0.6705,0.2,0.8,0.0,Fakhir Berwari disarmed thousands of mines in northern Iraq from 2003 until an improvised explosive device killed h‚Ä¶ https://t.co/Ye5yQUIzdS
CNN,34,2018-04-28 09:01:05+00:00,0.6124,0.0,0.8,0.2,A study says it takes about 50 hours with someone before you consider them a casual friend -- and 200 before you ac‚Ä¶ https://t.co/eMOqOmjF89
CNN,33,2018-04-28 08:46:05+00:00,0.0258,0.1,0.797,0.104,"After an argument with his mom, this 12-year-old boy used his mom's credit card and flew to Bali on his own‚Ä¶ https://t.co/D1nKqPmrhc"
CNN,32,2018-04-28 08:31:03+00:00,0.0,0.0,1.0,0.0,"For Jessica Nabongo, becoming the first black woman to visit every country on Earth isn't just about getting her na‚Ä¶ https://t.co/txxkotHPj2"
CNN,31,2018-04-28 08:16:03+00:00,0.0,0.0,1.0,0.0,Former President Obama will deliver a high-profile address in July marking the 100th anniversary of Nelson Mandela'‚Ä¶ https://t.co/p6nbLqCHWp
CNN,30,2018-04-28 08:01:06+00:00,0.0,0.0,1.0,0.0,"Colin Jost and Michael Che, anchors of ""Weekend Update"" on ""SNL,"" will co-host this year's Emmy Awards‚Ä¶ https://t.co/hzkZFe2HlH"
CNN,29,2018-04-28 07:31:06+00:00,0.0,0.0,1.0,0.0,These are some of the most exquisite libraries in the world https://t.co/0wtZCbCJgV https://t.co/gi0GUYc75V
CNN,28,2018-04-28 07:18:53+00:00,-0.296,0.115,0.885,0.0,"Mamma Mia, here they go again -- Swedish pop group ABBA is back with new music https://t.co/HUT2Rm829u https://t.co/fOxtzv4HDr"
CNN,27,2018-04-28 07:16:06+00:00,0.0,0.0,1.0,0.0,"Meet the new Gmail, now with disappearing messages https://t.co/Ksi3MlFdNJ https://t.co/FrbxXGAutx"
CNN,26,2018-04-28 07:01:02+00:00,-0.743,0.317,0.566,0.117,It took a devastating earthquake and ensuing tsunami to transform Misaki Tanaka's view of disaster relief and inspi‚Ä¶ https://t.co/8MGqeZbKwS
CNN,25,2018-04-28 06:31:06+00:00,-0.7003,0.453,0.547,0.0,Australia's forgotten indigenous World War II veterans https://t.co/SdBpb0LL6Y https://t.co/2uZd6HIQOY
CNN,24,2018-04-28 06:16:00+00:00,0.3818,0.0,0.852,0.148,You can now set your Gmail messages to expire or protect them with a passcode https://t.co/aOxy8GBHAR https://t.co/Q9TSfp3pUz
CNN,23,2018-04-28 06:01:02+00:00,0.4588,0.0,0.875,0.125,"NASA is going to Mars again, this time with the first spaceship dedicated to digging deep below the surface to find‚Ä¶ https://t.co/uIH7xsWR2v"
CNN,22,2018-04-28 05:46:00+00:00,-0.228,0.197,0.655,0.147,"Orange is comforting. 
Pink makes us less violent. 

The psychology of color: https://t.co/FMeiwT4rwA https://t.co/lfsHdeHxzI"
CNN,21,2018-04-28 05:31:01+00:00,0.2732,0.115,0.723,0.162,A young US serviceman injured in Afghanistan was the recipient of the world's first successful total penis and scro‚Ä¶ https://t.co/oFMuRbK1Xb
CNN,20,2018-04-28 05:16:00+00:00,-0.3612,0.116,0.884,0.0,"Nickelodeon is reviving trivia game show ""Double Dare"" for a new generation of kids to compete in messy physical ch‚Ä¶ https://t.co/sCERaakGAi"
CNN,19,2018-04-28 05:01:06+00:00,0.0,0.0,1.0,0.0,"While this teacher was working her second job as a cashier, a customer slipped her an envelope. When she opened it,‚Ä¶ https://t.co/HpzJ7XyrFd"
CNN,18,2018-04-28 04:46:05+00:00,-0.7506,0.33,0.67,0.0,"Fearing that climate change is hurting their sport, Winter Olympians take on politics https://t.co/9eEe59WpGx https://t.co/ZfBdTgcZBZ"
CNN,17,2018-04-28 04:31:07+00:00,0.0516,0.09,0.812,0.098,"Exposure to the kind of blue light emitted by outdoor LEDs, smartphones and tablets may increase your risk of breas‚Ä¶ https://t.co/JQ2FYeaqWE"
CNN,16,2018-04-28 04:16:04+00:00,0.0,0.0,1.0,0.0,History was made Friday when Kim Jong Un became the first North Korean leader to cross into South Korean territory‚Ä¶ https://t.co/wQ0jonYk04
CNN,15,2018-04-28 04:01:04+00:00,0.3034,0.0,0.87,0.13,EXCLUSIVE: The NRA is setting aside years of documents regarding its ties to a Kremlin-linked banker‚Ä¶ https://t.co/xhs1JS1TjY
CNN,14,2018-04-28 03:46:03+00:00,0.0,0.0,1.0,0.0,Arizona's only two black state legislators were publicly rebuked after they expressed concern over a colleague usin‚Ä¶ https://t.co/Oex3COW0wn
CNN,13,2018-04-28 03:31:07+00:00,0.4404,0.0,0.838,0.162,FIFA directed attention to the organization's ethics rules following President Donald Trump's tweet supporting the‚Ä¶ https://t.co/thSjy2uSh1
CNN,12,2018-04-28 03:17:51+00:00,-0.4215,0.149,0.851,0.0,This award-winning photo of an anteater creeping toward a glowing termite mound was disqualified after judges concl‚Ä¶ https://t.co/my31vI7spK
CNN,11,2018-04-28 03:03:24+00:00,0.5542,0.068,0.739,0.194,"RT @AC360: ""With little to no money or food, she has tried to protect them [her children], in search of a better life."" - CNN's @leylasanti‚Ä¶"
CNN,10,2018-04-28 02:54:23+00:00,0.0,0.0,1.0,0.0,"Gabriela Hernandez, who is pregnant, and her two boys joined the ""migrant caravan"" of travelers across Mexico towar‚Ä¶ https://t.co/w69CpWBrqg"
CNN,9,2018-04-28 02:46:04+00:00,-0.5859,0.255,0.745,0.0,These are the people our nonsense US border policy ignores | By @wkamaubell via @CNNOpinion https://t.co/HziZuiIh6w https://t.co/afeZDzfhun
CNN,8,2018-04-28 02:42:11+00:00,-0.128,0.143,0.737,0.12,"""We're stronger together"": After a football accident, doctors told him he'd never walk again. Seven years later, hi‚Ä¶ https://t.co/KVxRZQ3rpo"
CNN,7,2018-04-28 02:36:06+00:00,0.0,0.0,1.0,0.0,"A main proponent of the Russia sanctions law known as the Magnitsky Act says Natalia Veselnitskaya, the Russian law‚Ä¶ https://t.co/PuKOUHKaWD"
CNN,6,2018-04-28 02:31:07+00:00,-0.7717,0.261,0.739,0.0,An investigation into the death of a mentally ill man who was repeatedly tased in his shower by two West Milwaukee‚Ä¶ https://t.co/2R2uyUZE9e
CNN,5,2018-04-28 02:21:03+00:00,0.0,0.0,1.0,0.0,This Donald Trump answer on Russian collusion is a real doozy | Analysis by @CillizzaCNN https://t.co/yZS5aUUHyG https://t.co/bJvExMfwcQ
CNN,4,2018-04-28 02:11:04+00:00,0.0,0.0,1.0,0.0,Hush money deals are business as usual for Stormy Daniels' ex-attorney https://t.co/lXlEkqzseG https://t.co/ILlawTiilb
CNN,3,2018-04-28 02:01:08+00:00,0.0,0.0,1.0,0.0,The Nevada Senate race shows that demographics are not destiny | Analysis by CNN's Harry Enten‚Ä¶ https://t.co/UhMAJlfxtQ
CNN,2,2018-04-28 01:51:08+00:00,-0.6597,0.329,0.671,0.0,All 10 victims of the Toronto van attack have been identified https://t.co/oE3zD2fLJQ https://t.co/QjLUniozNt
CNN,1,2018-04-28 01:51:07+00:00,-0.2263,0.107,0.829,0.063,Rabbis want Kansas state Sen. Steve Fitzgerald to stop citing the Nazis and Holocaust in his anti-abortion argument‚Ä¶ https://t.co/QZbRxi3woV
Fox News,100,2018-04-29 00:08:22+00:00,0.0,0.0,1.0,0.0,"President @realDonaldTrump: ""In all fairness, @kanyewest gets it."" https://t.co/Bs5Q9rbT2t"
Fox News,99,2018-04-29 00:07:19+00:00,0.6124,0.0,0.667,0.333,"President @realDonaldTrump: ""To protect our families, we must secure our borders."" https://t.co/2ND27kt1B6"
Fox News,98,2018-04-29 00:05:00+00:00,0.0,0.0,1.0,0.0,"President @realDonaldTrump: ""Nobody has done in their first year of office has done what we've done. It's not ME, i‚Ä¶ https://t.co/cqcXNpvZPK"
Fox News,97,2018-04-29 00:04:54+00:00,-0.6249,0.325,0.592,0.083,"President @realDonaldTrump: ""African American unemployment has reached the lowest level in history."" https://t.co/xVUB1eOjcq"
Fox News,96,2018-04-29 00:04:21+00:00,0.0,0.0,1.0,0.0,"President @realDonaldTrump: ""Wages for the first time are rising at the fastest pace in many, many years."" https://t.co/w0DwaObW62"
Fox News,95,2018-04-29 00:03:40+00:00,0.0,0.0,1.0,0.0,"President @realDonaldTrump: ""If the opposition, which I call the obstructionist party... got elected, they wouldn't‚Ä¶ https://t.co/HuM4CVKB2c"
Fox News,94,2018-04-29 00:02:41+00:00,0.25,0.0,0.846,0.154,"President @realDonaldTrump: ""Since the election, we've created more than 3 million jobs."" https://t.co/WoluIvvqOo"
Fox News,93,2018-04-28 23:58:19+00:00,0.5267,0.0,0.841,0.159,"President @realDonaldTrump: ""Now I've asked some of the richest countries in the world, 'Sorry, folks, you've got t‚Ä¶ https://t.co/x6HX1kfHAR"
Fox News,92,2018-04-28 23:57:39+00:00,0.0,0.0,1.0,0.0,"President @realDonaldTrump: ""We have spent $7 trillion with a T - trillion in the Middle East. You know what we hav‚Ä¶ https://t.co/R6VKwrDXP7"
Fox News,91,2018-04-28 23:57:00+00:00,0.0,0.0,1.0,0.0,"Crowd chants ""NOBEL, NOBEL, NOBEL"" at President @realDonaldTrump rally. https://t.co/zyPHp0gZqL"
Fox News,90,2018-04-28 23:56:45+00:00,0.0,0.0,1.0,0.0,"President @realDonaldTrump: ""After years of rebuilding other countries, we're finally going to rebuild our country."" https://t.co/lZMjW98TIH"
Fox News,89,2018-04-28 23:55:09+00:00,0.0,0.0,1.0,0.0,"President @realDonaldTrump: ""Nobody has done in their first year of office has done what we've done. It's not ME, i‚Ä¶ https://t.co/HUcSMSkGXG"
Fox News,88,2018-04-28 23:54:21+00:00,0.4767,0.0,0.814,0.186,"President @realDonaldTrump: ""Build your factories here if you want to sell cars in the United States. Let them buil‚Ä¶ https://t.co/SNnSOZJgQt"
Fox News,87,2018-04-28 23:54:00+00:00,0.7783,0.0,0.714,0.286,"President @realDonaldTrump: ""You watch @Comey and you watch the way he lies... I did you a great favor when I fired‚Ä¶ https://t.co/Iv0By5jTvH"
Fox News,86,2018-04-28 23:52:30+00:00,0.0,0.0,1.0,0.0,"President @realDonaldTrump: ""I'm bringing [auto industry] back to the state of Michigan."" https://t.co/YnMYqxREF6"
Fox News,85,2018-04-28 23:50:05+00:00,-0.34,0.138,0.862,0.0,"President @realDonaldTrump on trade deals: ""I blame past presidents and past leaders of our country."" https://t.co/yrljVsqPi6"
Fox News,84,2018-04-28 23:47:18+00:00,0.913,0.0,0.562,0.438,"Supporter: ""We love you, Trump!""

President @realDonaldTrump: ""I love you, too.""

Crowd: ""USA! USA! USA! USA! USA!"" https://t.co/HTRW6CPJGI"
Fox News,83,2018-04-28 23:45:21+00:00,-0.5423,0.189,0.811,0.0,"""They try to destroy a man.""

Moments ago, President @realDonaldTrump discussed @jontester and Dr. Ronny Jackson. https://t.co/VdSuOjNsPB"
Fox News,82,2018-04-28 23:44:14+00:00,0.0,0.0,1.0,0.0,"President @realDonaldTrump: ""The only collusion is the Democrats colluded with the Russians and the Democrats collu‚Ä¶ https://t.co/zpL5en6XFx"
Fox News,81,2018-04-28 23:42:37+00:00,0.1779,0.0,0.841,0.159,"President @realDonaldTrump: ""I'm tougher on Russia, nobody ever thought."" https://t.co/3VDhNetP5j"
Fox News,80,2018-04-28 23:40:44+00:00,0.0,0.0,1.0,0.0,"President @realDonaldTrump: ""They were saying, 'What do you think President Trump had to do with it?' I'll tell you‚Ä¶ https://t.co/fhapDWfoGH"
Fox News,79,2018-04-28 23:40:09+00:00,0.0,0.0,1.0,0.0,President @realDonaldTrump on North Korea talks: I think we're going to have a meeting in 3-4 weeks. https://t.co/bwogNp7TqH
Fox News,78,2018-04-28 23:38:35+00:00,-0.6435,0.259,0.741,0.0,"President @realDonaldTrump: ""@TheDemocrats don't care about our military. They don't. And they don't care about our‚Ä¶ https://t.co/QSx0db0gLw"
Fox News,77,2018-04-28 23:38:01+00:00,0.4939,0.0,0.789,0.211,"President @realDonaldTrump: ""Strength is going to keep us OUT of nuclear war."" https://t.co/uKGZT0RNop"
Fox News,76,2018-04-28 23:38:00+00:00,-0.3867,0.143,0.79,0.067,"TOMORROW: Don't miss ""Life, Liberty, &amp; Levin"" with @marklevinshow - Tune in at 10p ET on Fox News Channel! https://t.co/7ZLdsB9s1n"
Fox News,75,2018-04-28 23:37:14+00:00,0.0,0.0,1.0,0.0,"President @realDonaldTrump: ""The stock market is up almost 35% since the election."" https://t.co/DEkq7rkpZh"
Fox News,74,2018-04-28 23:36:27+00:00,0.8885,0.0,0.566,0.434,"President @realDonaldTrump: ""We support the heroes of law enforcement. We have pride in our history and respect for‚Ä¶ https://t.co/ugMg2wwA09"
Fox News,73,2018-04-28 23:35:07+00:00,0.25,0.0,0.846,0.154,"President @realDonaldTrump: ""I can't let other countries take advantage of us."" https://t.co/15R3aRS8aV"
Fox News,72,2018-04-28 23:33:40+00:00,0.8591,0.0,0.558,0.442,"President @realDonaldTrump: """"We believe that a strong nation must have strong borders.""

Supporters chant: ""Build‚Ä¶ https://t.co/DTNRKnolab"
Fox News,71,2018-04-28 23:32:21+00:00,-0.6435,0.259,0.741,0.0,"President @realDonaldTrump: ""@TheDemocrats don't care about our military. They don't. And they don't care about our‚Ä¶ https://t.co/SXOyuiRgaz"
Fox News,70,2018-04-28 23:31:30+00:00,-0.4939,0.242,0.758,0.0,"President @realDonaldTrump: ""General Mad Dog Mattis could not be happier."" https://t.co/7PEqQWkX0T"
Fox News,69,2018-04-28 23:31:09+00:00,-0.4019,0.137,0.863,0.0,"President @realDonaldTrump: ""Our military was depleted, and it was in trouble, and now we're ordering brand-new air‚Ä¶ https://t.co/isgedImfQ1"
Fox News,68,2018-04-28 23:30:02+00:00,0.0,0.0,1.0,0.0,".@POTUS: ""You may have heard I was invited to another event tonight, the #WHCD, but I'd much rather be in Washingto‚Ä¶ https://t.co/07kFmlNDLL"
Fox News,67,2018-04-28 23:28:22+00:00,0.0,0.0,1.0,0.0,".@POTUS: ""We stand for our National Anthem."" https://t.co/YyjlNnHsVe"
Fox News,66,2018-04-28 23:27:59+00:00,0.872,0.0,0.657,0.343,".@POTUS: ""We defend our flag and we honor our flag, and if others honored our flag, they'd be a lot better off."" https://t.co/tGZlXUKHuU"
Fox News,65,2018-04-28 23:27:36+00:00,0.9393,0.0,0.506,0.494,".@POTUS: ""We support the heroes of law enforcement. We have pride in our history and respect for our great American‚Ä¶ https://t.co/eQOoztZSqr"
Fox News,64,2018-04-28 23:26:40+00:00,-0.296,0.145,0.855,0.0,".@POTUS: ""You see what's happening with regulations, with massive tax cuts, with judges."" https://t.co/CMCnNz9Ryx"
Fox News,63,2018-04-28 23:24:03+00:00,0.0,0.0,1.0,0.0,".@POTUS: ""You may have heard I was invited to another event tonight, the #WHCD, but I'd much rather be in Washingto‚Ä¶ https://t.co/idKysXXvJc"
Fox News,62,2018-04-28 23:20:50+00:00,0.4019,0.0,0.803,0.197,"Kanye West releases new song, doubling down on support for Trump https://t.co/PcsLxE2u0R"
Fox News,61,2018-04-28 23:20:02+00:00,0.0,0.0,1.0,0.0,"President @realDonaldTrump holds a rally in Washington Township, Michigan. https://t.co/tuUtkkPQLv https://t.co/Bu19Lqw5kK"
Fox News,60,2018-04-28 23:11:00+00:00,0.0,0.0,1.0,0.0,Anthony Tata: ‚ÄúWhat you‚Äôve got is a president who has said what he‚Äôs going to do and he does what he says.‚Äù https://t.co/oaLzbEV3Xu
Fox News,59,2018-04-28 23:08:25+00:00,0.0,0.0,1.0,0.0,"Earlier today, President @realDonaldTrump once more slammed @jontester.  https://t.co/wuXLC2lO22 https://t.co/7vQhzye6Wt"
Fox News,58,2018-04-28 23:05:28+00:00,0.0,0.0,1.0,0.0,.@jontester responds to @POTUS. https://t.co/wuXLC2lO22 https://t.co/os4KkvjNzZ
Fox News,57,2018-04-28 23:03:49+00:00,0.0,0.0,1.0,0.0,"MOMENTS AWAY: @POTUS speaks at a campaign-style rally in Michigan - For full live coverage, tune in to Fox News Cha‚Ä¶ https://t.co/6ploDI5Eof"
Fox News,56,2018-04-28 23:01:43+00:00,-0.9001,0.647,0.353,0.0,Golden State Killer suspect on suicide watch. https://t.co/f7E1OFvObT https://t.co/OMWp3JTrcW
Fox News,55,2018-04-28 22:59:31+00:00,0.6486,0.0,0.739,0.261,".@jockowillink: ""[@POTUS] definitely deserves credit, and I think he came to the situation and negotiated from a po‚Ä¶ https://t.co/nUwOL3EXcK"
Fox News,54,2018-04-28 22:59:00+00:00,0.6249,0.0,0.76,0.24,".@deneenborelli: ""I think it's great that @kanyewest is standing up for independent thought."" https://t.co/lg1tAjsbCq"
Fox News,53,2018-04-28 22:55:42+00:00,0.0,0.0,1.0,0.0,Thousands of balloons were released outside the Liverpool hospital where British toddler Alfie Evans died.‚Ä¶ https://t.co/sQxlbrjXgl
Fox News,52,2018-04-28 22:51:52+00:00,0.0,0.0,1.0,0.0,"MOMENTS AWAY: @POTUS speaks at a campaign-style rally in Michigan - For full live coverage, tune in to Fox News Cha‚Ä¶ https://t.co/fEWBTFMozM"
Fox News,51,2018-04-28 22:45:47+00:00,0.3804,0.0,0.874,0.126,".@GeraldoRivera: ""I totally believe that if this happens and there are really meaningful steps taken that @POTUS sh‚Ä¶ https://t.co/NIsCESl8bA"
Fox News,50,2018-04-28 22:45:00+00:00,0.0,0.0,1.0,0.0,".@itsSpencerBrown: ""Time and again, it was conservative speakers who were silenced while liberal speakers were give‚Ä¶ https://t.co/J4udFKOIXp"
Fox News,49,2018-04-28 22:42:27+00:00,-0.3612,0.122,0.878,0.0,".@jasoninthehouse: ""For Director @Comey to plead ignorance at this point... it just makes the case that he should'v‚Ä¶ https://t.co/jc0gtLr3jB"
Fox News,48,2018-04-28 22:41:35+00:00,-0.6808,0.272,0.728,0.0,"Man wanted in Maine deputy's slaying was arrested with the fallen officer's own cuffs, authorities say https://t.co/vyms7F7kyH"
Fox News,47,2018-04-28 22:33:53+00:00,-0.5719,0.207,0.793,0.0,".@PamBondi: ""I have no doubt in my mind the people of Broward County are going to vote [@BrowardSheriff] out.""‚Ä¶ https://t.co/GlAnwNznFg"
Fox News,46,2018-04-28 22:25:49+00:00,0.0,0.0,1.0,0.0,"RIGHT NOW: @POTUS arrives in Michigan for campaign-style rally - For full live coverage, tune in to Fox News Channe‚Ä¶ https://t.co/H474nUM9C0"
Fox News,45,2018-04-28 22:23:00+00:00,-0.7184,0.295,0.636,0.068,".@VP reacts to the death of Alfie Evans, UK toddler at center of legal battle. https://t.co/G2pwpOuAa1 https://t.co/54yOWp1GIR"
Fox News,44,2018-04-28 22:20:50+00:00,0.0,0.0,1.0,0.0,.@realDonaldTrump to hold rally in Michigan  https://t.co/6IIFDM3JL4
Fox News,43,2018-04-28 22:19:00+00:00,0.0,0.0,1.0,0.0,"In a discussion on @foxandfriends, @Kathy4Truth talked about the ""the hypocrisy and extreme intolerance of the libe‚Ä¶ https://t.co/sXIT0QwnEe"
Fox News,42,2018-04-28 22:11:42+00:00,0.0,0.0,1.0,0.0,President @realDonaldTrump is set to hold a rally Saturday night in Michigan. @MikeTobinFox has the story. https://t.co/IcZnM9uKbJ
Fox News,41,2018-04-28 22:09:33+00:00,-0.8834,0.507,0.493,0.0,'Lost Their G--Damn Humanity': PBA President Furious Over Release of Cop Killer https://t.co/RW7YcUeTW7
Fox News,40,2018-04-28 22:00:19+00:00,0.0,0.0,1.0,0.0,Cow caught on video charging at Texas law enforcement https://t.co/aNJ5HeyHiF
Fox News,39,2018-04-28 21:50:13+00:00,0.0,0.0,1.0,0.0,"John Park on Trump, Kim Jong Un discussing Otto Warmbier: ""When it comes to dealing with these types of issues, the‚Ä¶ https://t.co/A8W4ztUqHW"
Fox News,38,2018-04-28 21:48:50+00:00,-0.5994,0.178,0.822,0.0,"A woman holds balloons with photos of Alfie Evans, outside Alder Hey Children's Hospital, following the death of th‚Ä¶ https://t.co/bW9x6wIp95"
Fox News,37,2018-04-28 21:38:54+00:00,0.0,0.0,1.0,0.0,Federal spending per household. https://t.co/BNe2otIEl9
Fox News,36,2018-04-28 21:34:58+00:00,-0.7184,0.295,0.636,0.068,".@Pontifex reacts to the death of Alfie Evans, UK toddler at center of legal battle. https://t.co/G2pwpOuAa1 https://t.co/9et4V3T59u"
Fox News,35,2018-04-28 21:34:19+00:00,-0.802,0.396,0.604,0.0,"Two Texas siblings reunited after car crash that killed parents, baby sister https://t.co/5kriV7vJsG"
Fox News,34,2018-04-28 21:25:00+00:00,-0.2411,0.151,0.849,0.0,".@bongino: ""Jim @Comey's not telling the truth. Period, full stop."" https://t.co/UPk9MmHSR2 https://t.co/GXD2sqwUQv"
Fox News,33,2018-04-28 21:24:11+00:00,0.2937,0.09,0.769,0.141,".@cvpayne: ""I don't like the message @TheDemocrats have always pushed - ' We'll come to your rescue and get you hig‚Ä¶ https://t.co/XQhIzECDGC"
Fox News,32,2018-04-28 21:16:00+00:00,0.4939,0.0,0.789,0.211,"In a discussion about @kanyewest on @foxandfriends, @DrDarrinPorcher praised President @realDonaldTrump's record on‚Ä¶ https://t.co/qkyzKtIf39"
Fox News,31,2018-04-28 21:14:01+00:00,-0.3597,0.122,0.878,0.0,".@RepMattGaetz: ""We have some Senate Republicans who are more worried about protecting Bob Mueller than they are ab‚Ä¶ https://t.co/RgqRCiJucU"
Fox News,30,2018-04-28 21:12:26+00:00,0.0,0.0,1.0,0.0,".@susanferrechio on Ronny Jackson allegations: ""[@SenatorTester] is the ranking member on the committee that vets t‚Ä¶ https://t.co/HsV6kAIwA5"
Fox News,29,2018-04-28 21:09:57+00:00,0.4019,0.0,0.769,0.231,.@GiannoCaldwell: @kanyewest‚Äôs @realDonaldTrump Support Could Initiate 'Competition' Among Celebrities https://t.co/w8UcH02V9K
Fox News,28,2018-04-28 21:04:00+00:00,0.0,0.0,1.0,0.0,".@AlanDersh: ""Democrats and left-wingers obviously think President Trump is the devil."" https://t.co/tygeDLXRNS https://t.co/ilkcz9KyXW"
Fox News,27,2018-04-28 21:00:19+00:00,0.0,0.0,1.0,0.0,"Happening Now: Awaiting @POTUS departure for Michigan rally - For full live coverage of the rally, tune in to Fox N‚Ä¶ https://t.co/PE5b1nJEuV"
Fox News,26,2018-04-28 20:55:04+00:00,-0.3724,0.118,0.882,0.0,".@BPUnion Pres. Brandon Judd: ""To say that we don't respect peoples' rights is completely false. What happens is th‚Ä¶ https://t.co/f6wgVdz0Oz"
Fox News,25,2018-04-28 20:50:23+00:00,0.3612,0.0,0.865,0.135,"Robert Driscoll: ""[James Comey's] reputation's gonna take a hit [because] he looks like a partisan actor and seems‚Ä¶ https://t.co/RtC7PWDHHT"
Fox News,24,2018-04-28 20:45:38+00:00,0.0,0.0,1.0,0.0,"Happening Now: Awaiting @POTUS departure for Michigan rally - For full live coverage of the rally, tune in to Fox N‚Ä¶ https://t.co/gOSy38LYIc"
Fox News,23,2018-04-28 20:45:00+00:00,0.3612,0.0,0.839,0.161,.@Joy_Villa: @kanyewest supports President @realDonaldTrump -- Here‚Äôs why his actions are so monumental‚Ä¶ https://t.co/258GQLcDD6
Fox News,22,2018-04-28 20:43:33+00:00,-0.1779,0.102,0.898,0.0,"'So, They Would Hide Treason?': @TuckerCarlson Debates Obama Campaign Staffer on GOP Covering up 'Collusion' https://t.co/pmLqZpnGbq"
Fox News,21,2018-04-28 20:31:48+00:00,0.6249,0.0,0.746,0.254,".@kathy4truth: ""This story is a perfect demonstration of the hypocrisy and extreme intolerance of the liberal left."" https://t.co/7Pss6IgUfb"
Fox News,20,2018-04-28 20:24:40+00:00,-0.1531,0.338,0.441,0.221,.@SteveHiltonx: Trump‚Äôs triumphs are driving his critics crazy https://t.co/7uSmJ5ffu3
Fox News,19,2018-04-28 20:20:11+00:00,0.0951,0.0,0.854,0.146,"Fox News Poll: @POTUS ""not tough enough"" on: https://t.co/j4Lr3ArWhR"
Fox News,18,2018-04-28 20:15:53+00:00,-0.8519,0.458,0.542,0.0,BREAKING NEWS: Suspected killer of Maine sheriff's deputy arrested after 4-day manhunt. https://t.co/CBLXXUTWRe https://t.co/vQayWak6kR
Fox News,17,2018-04-28 20:13:29+00:00,0.4019,0.0,0.863,0.137,".@jeffmason1 on WH Correspondents' Dinner: ""This is an administration that says it does support the First Amendment‚Ä¶ https://t.co/Ct67RPryZn"
Fox News,16,2018-04-28 20:09:00+00:00,0.5574,0.0,0.783,0.217,".@DrDarrinPorcher: ""Kanye understands that there's a lot of positive things that @POTUS is doing."" https://t.co/kb4gdpOkwL"
Fox News,15,2018-04-28 20:01:36+00:00,0.4588,0.0,0.857,0.143,".@RochelleRitchie: ""I honestly think that @kanyewest right now is being used as a political pawn to continue this T‚Ä¶ https://t.co/vZAmCi47B7"
Fox News,14,2018-04-28 19:52:19+00:00,0.0,0.0,1.0,0.0,Poll Average - Generic Congressional vote. https://t.co/zU97gGk682
Fox News,13,2018-04-28 19:49:29+00:00,-0.5994,0.302,0.698,0.0,Man wanted in shooting death of Maine deputy caught https://t.co/qdEDNsc9lI
Fox News,12,2018-04-28 19:36:57+00:00,-0.1779,0.175,0.699,0.126,OPINION: Ronny Jackson‚Äôs retreat from his VA secretary nomination is appalling https://t.co/6A5jb3vvKa
Fox News,11,2018-04-28 19:35:57+00:00,0.296,0.0,0.855,0.145,"On @TheFive yesterday, @RealCandaceO decried the Democratic Party's record on helping African Americans.‚Ä¶ https://t.co/0wNmnCLlZS"
Fox News,10,2018-04-28 19:33:03+00:00,0.0,0.0,1.0,0.0,"Katy Perry and Orlando Bloom meet the Pope, step out together in Rome https://t.co/VsvaJOT8Og"
Fox News,9,2018-04-28 19:23:50+00:00,0.0,0.0,1.0,0.0,"Moments ago, President @realDonaldTrump decried allegations made by @SenatorTester about Ronny Jackson.‚Ä¶ https://t.co/Nc0a0OexR2"
Fox News,8,2018-04-28 19:14:17+00:00,0.0,0.0,1.0,0.0,Princess Michael of Kent reportedly had two black sheep named Venus and Serena https://t.co/axTzlzKZTC
Fox News,7,2018-04-28 19:09:32+00:00,0.0,0.0,1.0,0.0,Brigitte Macron says @FLOTUS 'cannot do anything' https://t.co/OJWzE0JLRC
Fox News,6,2018-04-28 19:03:04+00:00,0.6597,0.0,0.722,0.278,"@AdrianaCohen16: ""Labor unions support @POTUS. Blue-collar workers support the president, and they're not going any‚Ä¶ https://t.co/NWqKEwi1mk"
Fox News,5,2018-04-28 18:56:20+00:00,0.0,0.0,1.0,0.0,Fox News Poll: Job performance among likely West Virginia Primary voters. https://t.co/QVlPrCTTid https://t.co/pwnWD9YvIg
Fox News,4,2018-04-28 18:54:21+00:00,0.4019,0.0,0.847,0.153,"Ben Kissel: ""The Tea Party wave of 2010 has become the blue wave of 2018."" https://t.co/tpca9GSmCl"
Fox News,3,2018-04-28 18:49:12+00:00,-0.34,0.138,0.862,0.0,.@realDonaldTrump calls on Tester to resign over Ronny Jackson allegations: ‚ÄòHis reputation has been shattered‚Äô https://t.co/WBzxfh3QhH
Fox News,2,2018-04-28 18:40:02+00:00,0.4019,0.0,0.769,0.231,.@GiannoCaldwell: @kanyewest‚Äôs @realDonaldTrump Support Could Initiate 'Competition' Among Celebrities https://t.co/w8UcH02V9K
Fox News,1,2018-04-28 18:36:00+00:00,0.0,0.0,1.0,0.0,MAY 1st: The West Virginia GOP Senate Primary Debate moderated by @BretBaier and @marthamaccallum - Tune in at 6:30‚Ä¶ https://t.co/K77dtwqZDx
The New York Times,100,2018-04-29 00:00:19+00:00,0.128,0.15,0.648,0.201,"A man given 20 months to live is still alive 10 years later, free of cancer. But the surgically implanted chemo pum‚Ä¶ https://t.co/Z8vJSNvS12"
The New York Times,99,2018-04-28 23:41:58+00:00,-0.0772,0.159,0.697,0.144,A young soldier whose genitals were destroyed underwent extensive reconstructive surgery that doctors hope to offer‚Ä¶ https://t.co/SaLtBwQOZC
The New York Times,98,2018-04-28 23:23:30+00:00,0.0,0.0,1.0,0.0,"Fiction: Familiar Tales Remixed, at the Hands of a Postmodern Master https://t.co/rRmz164yGR"
The New York Times,97,2018-04-28 23:23:02+00:00,-0.4549,0.149,0.851,0.0,A scientist spent years studying a gene. Then she had a baby with an extremely rare disorder tied to it. https://t.co/CyWpqgcJDa
The New York Times,96,2018-04-28 23:04:40+00:00,-0.7184,0.273,0.727,0.0,"Archaeologists in Sweden found victims of a 5th-century massacre where attackers used swords, axes and clubs to but‚Ä¶ https://t.co/YhAq86eljs"
The New York Times,95,2018-04-28 22:45:02+00:00,-0.5423,0.17,0.83,0.0,"RT @nytimesworld: ""I believe Irish society is starting to listen to the voices and needs of women and ignore the propaganda pumped into us‚Ä¶"
The New York Times,94,2018-04-28 22:30:08+00:00,0.0516,0.089,0.814,0.097,"""It was only after the adrenaline and tension began to ease toward the end of the day that I realized we had assemb‚Ä¶ https://t.co/nQo4C6LD15"
The New York Times,93,2018-04-28 22:18:05+00:00,0.5267,0.0,0.841,0.159,"For 2 people immersed in social justice and antiwar work, where everything seems to happen at a glacial pace, love‚Ä¶ https://t.co/NlcdDlDjIJ"
The New York Times,92,2018-04-28 22:06:17+00:00,0.0,0.0,1.0,0.0,Stars Remember the Golden Age of New York Theater https://t.co/6nR9PdpaHe
The New York Times,91,2018-04-28 22:03:00+00:00,0.0,0.0,1.0,0.0,Doris Burke Has Game https://t.co/fgoRf3ynEa
The New York Times,90,2018-04-28 21:59:02+00:00,0.0,0.0,1.0,0.0,Opinion: ‚ÄúRich‚Äù is still a man‚Äôs word. She's taking it back. https://t.co/GkNJgA8jvH
The New York Times,89,2018-04-28 21:45:08+00:00,0.0,0.0,1.0,0.0,How to spend 36 hours in Copenhagen https://t.co/x93j2aHsWL
The New York Times,88,2018-04-28 21:30:09+00:00,0.25,0.0,0.9,0.1,"An NYC burlesque troupe created a community where women of color, queer and transgender performers could be their u‚Ä¶ https://t.co/71Z9yBNPH8"
The New York Times,87,2018-04-28 21:15:07+00:00,0.0,0.0,1.0,0.0,"""Every time I encounter lovers,"" the French photographer Willy Ronis said, ""my camera smiles."" https://t.co/yxnUvRD3Jh"
The New York Times,86,2018-04-28 20:59:03+00:00,-0.6705,0.191,0.809,0.0,"Diante Yarber was killed by the police in a Walmart parking lot on April 5 in Barstow, Calif. Officials have refuse‚Ä¶ https://t.co/XlauT4CTdL"
The New York Times,85,2018-04-28 20:45:03+00:00,-0.6124,0.254,0.67,0.076,President Trump is privately rejecting the growing consensus among Republican leaders that they may lose the House‚Ä¶ https://t.co/ESFWArEnCe
The New York Times,84,2018-04-28 20:30:11+00:00,0.4404,0.0,0.884,0.116,"Opinion: ""The good news is that more and more cities are deciding to wrest control of their streets back from the t‚Ä¶ https://t.co/vjqXPneReS"
The New York Times,83,2018-04-28 20:14:07+00:00,-0.3246,0.231,0.582,0.188,"Grace Mave, 12, barely survived an assault on her village in Congo in which her mom and siblings died. The attacker‚Ä¶ https://t.co/bNzjp3x5DN"
The New York Times,82,2018-04-28 19:59:05+00:00,-0.6369,0.245,0.755,0.0,"A fire broke out in a 33-story high-rise under construction in Baku, Azerbaijan, that was once called ‚ÄúDonald Trump‚Ä¶ https://t.co/nX57OO0dbw"
The New York Times,81,2018-04-28 19:54:58+00:00,0.4404,0.0,0.873,0.127,"On the way to a work dinner, 2 senior men at Nike debated whether L.A. or Portland had better strip clubs, accordin‚Ä¶ https://t.co/7n2qPQBpD6"
The New York Times,80,2018-04-28 19:45:08+00:00,-0.5423,0.184,0.816,0.0,"Five years ago, Pope Francis was elected to be an agent of change within a church shaken by scandals. He quickly be‚Ä¶ https://t.co/4Nd7KZwrvf"
The New York Times,79,2018-04-28 19:29:46+00:00,0.0,0.0,1.0,0.0,"For too many women, life inside Nike had turned toxic. So a group of women there started a small revolt. https://t.co/zRXZoLFQoj"
The New York Times,78,2018-04-28 19:14:04+00:00,0.4939,0.0,0.849,0.151,"Ludwig Bemelmans said that Madeline was inspired by his mother, wife and daughter. ‚ÄúBut,‚Äù his grandson wrote after‚Ä¶ https://t.co/siGfgOMu5E"
The New York Times,77,2018-04-28 18:59:02+00:00,-0.7519,0.335,0.512,0.153,"‚ÄúI have not been exempt from being dumb or cruel or hurtful to the very people I want to advocate for,‚Äù Joy Reid sa‚Ä¶ https://t.co/8X7I4yMXYa"
The New York Times,76,2018-04-28 18:45:09+00:00,0.0,0.0,1.0,0.0,Archaeologists in Peru say they have found evidence of what could be one of the world‚Äôs largest single cases of chi‚Ä¶ https://t.co/kwFGxAlE02
The New York Times,75,2018-04-28 18:30:05+00:00,0.0,0.0,1.0,0.0,A memorial in Alabama demands a reckoning with one of America's least recognized atrocities: the lynching of thousa‚Ä¶ https://t.co/r013G4cH10
The New York Times,74,2018-04-28 18:14:01+00:00,0.3581,0.16,0.593,0.247,"‚ÄúMy gladiator lay down his shield and gained his wings at 02.30 a.m. Absolutely heartbroken. I love you, my guy.‚Äù https://t.co/1Xt9sRaarg"
The New York Times,73,2018-04-28 17:59:03+00:00,-0.5859,0.242,0.758,0.0,"Could the G.O.P. lose Congress? President Trump has privately dismissed concerns, leaving officials nervous about h‚Ä¶ https://t.co/3yMpgG1sGS"
The New York Times,72,2018-04-28 17:45:04+00:00,0.0,0.0,1.0,0.0,üë∏üèª+ü§¥üèªhttps://t.co/wjIfFVGXWY
The New York Times,71,2018-04-28 17:30:11+00:00,-0.8591,0.298,0.702,0.0,The Golden State Killer‚Äôs barrage of rapes and murders began in a gold mining area east of Sacramento in 1976. By 1‚Ä¶ https://t.co/S1k1HzYTpA
The New York Times,70,2018-04-28 17:16:04+00:00,-0.6597,0.216,0.784,0.0,"Opinion: Two scientists write that ""a worldwide catastrophe is underway among an extraordinary group of birds."" https://t.co/7rdAQMMsvv"
The New York Times,69,2018-04-28 17:01:02+00:00,0.0,0.0,1.0,0.0,"Brock Crouch ended up on a bulge of snow that snapped underneath him. Then, he fell out of sight. https://t.co/fYhaq9YA3a"
The New York Times,68,2018-04-28 16:49:01+00:00,-0.8555,0.332,0.594,0.073,"‚ÄúHe was extremely wily.‚Äù 

How a serial rapist and murderer in California flaunted his power as well as his belief‚Ä¶ https://t.co/ZMxoC5aHjQ"
The New York Times,67,2018-04-28 16:43:37+00:00,-0.2263,0.115,0.809,0.077,"RT @jmartNYT: NEW: Top Republicans, including McConnell, increasingly believe they may lose both the House &amp; Senate, are pleading w Trump o‚Ä¶"
The New York Times,66,2018-04-28 16:30:07+00:00,0.3818,0.0,0.894,0.106,‚ÄúIt‚Äôs clear that we‚Äôre going to have to remove carbon dioxide from the atmosphere. And we‚Äôre going to have to do it‚Ä¶ https://t.co/ooAcW9CM7f
The New York Times,65,2018-04-28 16:15:04+00:00,-0.296,0.155,0.845,0.0,"The week's most notable new songs and videos, chosen by @nytimesmusic critics https://t.co/R4vFkPHCjf"
The New York Times,64,2018-04-28 15:59:04+00:00,0.0,0.0,1.0,0.0,"Senator Jon Tester helped thwart the cabinet nomination of Dr. Ronny Jackson. 

President Donald Trump made it clea‚Ä¶ https://t.co/xk6FJyNynM"
The New York Times,63,2018-04-28 15:45:07+00:00,-0.5423,0.179,0.821,0.0,"The official story of Ricky Boyd‚Äôs fatal encounter with law enforcement officers changed, then changed again https://t.co/WOkdcO1jeI"
The New York Times,62,2018-04-28 15:31:06+00:00,0.5267,0.123,0.599,0.278,‚ÄúI realized I had the strength to look in the face of somebody who would commit a crime like this.‚Äù ‚Äî Lise-Lotte Lu‚Ä¶ https://t.co/Uf395wsfpk
The New York Times,61,2018-04-28 15:17:05+00:00,0.0,0.0,1.0,0.0,Bob Dylan is getting into the whiskey business with a brand called Heaven's Door ‚Äî yet another career twist in 5 de‚Ä¶ https://t.co/yFbALkL2pf
The New York Times,60,2018-04-28 14:59:05+00:00,-0.4404,0.132,0.868,0.0,"The $375,000 salary for the new CDC director has come under criticism from Senate Democrats and watchdog groups. He‚Ä¶ https://t.co/d57yWPFnUU"
The New York Times,59,2018-04-28 14:45:08+00:00,0.0,0.0,1.0,0.0,Koreans set the table for a deal. Will President Trump be able to close it? https://t.co/CvOfIJmjTy
The New York Times,58,2018-04-28 14:30:06+00:00,0.0,0.0,1.0,0.0,Speaker Paul Ryan‚Äôs decision to dismiss the House chaplain has caused a firestorm on Capitol Hill https://t.co/5ODA2FXsc0
The New York Times,57,2018-04-28 14:17:03+00:00,-0.4019,0.191,0.651,0.158,"A relentless tide of people are fleeing the deepening economic crisis in Venezuela, testing Brazil's tolerance for‚Ä¶ https://t.co/ZiQzFqwUmu"
The New York Times,56,2018-04-28 14:02:05+00:00,0.6249,0.0,0.661,0.339,"11 great titles expiring from Netflix in May
https://t.co/f7Bn552i3J"
The New York Times,55,2018-04-28 13:56:45+00:00,-0.8074,0.43,0.57,0.0,Trump Calls on Montana Democrat to Resign in Fight Over Failed V.A. Nomination https://t.co/5N3UGByvxn
The New York Times,54,2018-04-28 13:41:04+00:00,-0.7184,0.25,0.75,0.0,"In the Hart household, any act of insubordination could be severely punished. The children knew this all too well,‚Ä¶ https://t.co/JLnQ5pGQum"
The New York Times,53,2018-04-28 13:21:06+00:00,-0.5423,0.178,0.747,0.075,Should genealogy databases be used to solve crimes? The Golden State Killer case has set off a debate over privacy‚Ä¶ https://t.co/5Yw2PfGAGQ
The New York Times,52,2018-04-28 13:20:08+00:00,0.5574,0.0,0.714,0.286,"Korean Accord Draws Praise, and Caution, From North‚Äôs Neighbors https://t.co/TajSG38uGN"
The New York Times,51,2018-04-28 13:14:51+00:00,0.0,0.0,1.0,0.0,Why One Woman Testified Against Bill Cosby: ‚ÄòI Had the Strength‚Äô https://t.co/xCzWD9aI4P
The New York Times,50,2018-04-28 13:02:02+00:00,0.0,0.0,1.0,0.0,"Six months ago, a parks official came across 2 boxes that had been sitting around for decades. Inside were 2,924 sl‚Ä¶ https://t.co/9R2JZ4Mt1U"
The New York Times,49,2018-04-28 12:41:03+00:00,0.1027,0.208,0.519,0.274,The Ethicist: I'm a 73-year-old cancer survivor. Is it ethical to get a kidney transplant? https://t.co/cBGck0mmFs
The New York Times,48,2018-04-28 12:35:36+00:00,0.7579,0.0,0.649,0.351,"The Week in Good News: The Waffle House Hero, a Dachshund Museum, a Royal Baby https://t.co/Zlqb4Pp0sO"
The New York Times,47,2018-04-28 12:21:05+00:00,0.8271,0.0,0.722,0.278,"The math of frequent-flier miles may not always add up, but perks like free checked bags have people flocking to tr‚Ä¶ https://t.co/LnEc2DZjHw"
The New York Times,46,2018-04-28 12:02:05+00:00,0.0,0.0,1.0,0.0,This simple side dish takes only 15 minutes to make https://t.co/4vNZl5jz67
The New York Times,45,2018-04-28 11:41:02+00:00,0.0,0.0,1.0,0.0,"Mark your calendars, New Jersey: November 17 will be Danny DeVito Day. https://t.co/m5aWcxfdl8"
The New York Times,44,2018-04-28 11:21:03+00:00,0.4939,0.0,0.868,0.132,"RT @NYTStyles: Ludwig Bemelmans said that Madeline was inspired by his mother, wife and daughter. ‚ÄúBut,‚Äù his grandson wrote after his death‚Ä¶"
The New York Times,43,2018-04-28 11:02:02+00:00,-0.3818,0.12,0.88,0.0,"She desperately wanted to move in to a retirement community.
He told her he'd ""sit in the burned-out, firebombed ru‚Ä¶ https://t.co/BEyKYYzdq1"
The New York Times,42,2018-04-28 10:32:05+00:00,0.4939,0.0,0.856,0.144,"RT @nytopinion: Job title: Mother. You will enjoy a bunch of superficial attention and lip service from culture, advertisers and politician‚Ä¶"
The New York Times,41,2018-04-28 10:20:34+00:00,0.0,0.0,1.0,0.0,The Landmarks That Made New York a Cultural Capital https://t.co/8mehOC3uiy
The New York Times,40,2018-04-28 10:17:37+00:00,-0.3612,0.217,0.783,0.0,"A Word With: For Charlize Theron, Motherhood Is Messy Business https://t.co/jwqiU4F99f"
The New York Times,39,2018-04-28 10:02:06+00:00,-0.8126,0.425,0.575,0.0,"To catch a killer: a fake profile on a DNA site and a pristine sample
https://t.co/xHTGc0znUq"
The New York Times,38,2018-04-28 09:52:54+00:00,0.0772,0.0,0.86,0.14,Irish Voters Speak Out on Landmark Abortion Referendum https://t.co/ABK4sJpEqe
The New York Times,37,2018-04-28 09:50:25+00:00,0.6369,0.0,0.724,0.276,Kenya Bans Film About 2 Girls in Love Because It‚Äôs ‚ÄòToo Hopeful‚Äô https://t.co/V4AVLDpZH1
The New York Times,36,2018-04-28 09:38:05+00:00,0.4215,0.0,0.872,0.128,"RT @nytimesworld: The anti-vaccine movement in the United States has spread to pets, prompting the British Veterinary Association to issue‚Ä¶"
The New York Times,35,2018-04-28 09:21:06+00:00,0.0,0.0,1.0,0.0,"RT @alanfeuer: You may have read bits &amp; pieces about the corruption probe that ensnared two Hasidic businessmen, the police, a hedge fund m‚Ä¶"
The New York Times,34,2018-04-28 09:03:01+00:00,0.0,0.0,1.0,0.0,What President Trump can expect from his trip to Britain https://t.co/VQEsabjcfg
The New York Times,33,2018-04-28 08:55:22+00:00,0.0,0.0,1.0,0.0,The Year I Learned to Quit https://t.co/Ba8msQMkCM
The New York Times,32,2018-04-28 08:52:35+00:00,-0.6597,0.329,0.671,0.0,"Alfie Evans, Terminally Ill British Toddler at Center of Court Fight, Dies https://t.co/OptTwlvsLs"
The New York Times,31,2018-04-28 08:34:04+00:00,0.0516,0.0,0.952,0.048,"RT @nytimesworld: Russia's ice roads are made in the fall by plowing insulating snow off the soil, allowing the cold air to freeze the bogg‚Ä¶"
The New York Times,30,2018-04-28 08:10:54+00:00,-0.3182,0.187,0.707,0.106,"RT @nytopinion: It‚Äôs possible now to envision a path away from war, and for that even us skeptics should be grateful, says @NickKristof htt‚Ä¶"
The New York Times,29,2018-04-28 07:54:02+00:00,0.7003,0.0,0.766,0.234,"RT @nytopinion: Inspired by a stunning look at polar bears, we are highlighting some of the wonders of nature this weekend https://t.co/gYN‚Ä¶"
The New York Times,28,2018-04-28 07:37:04+00:00,0.0,0.0,1.0,0.0,"RT @nytopinion: Watching Macron, @NYTimesCohen thinks: The world owes one to France, big time https://t.co/71TLbPnV73"
The New York Times,27,2018-04-28 07:21:44+00:00,-0.5106,0.155,0.845,0.0,This might explain why you think people are angry with you all the time ‚Äì even when they're not https://t.co/I6ocQN8Nm3
The New York Times,26,2018-04-28 07:05:35+00:00,0.7783,0.0,0.595,0.405,"There's a great way to get to know Paris: Walking, yes indeed https://t.co/J7rBe4NnHI"
The New York Times,25,2018-04-28 06:47:13+00:00,0.0,0.0,1.0,0.0,President Trump Is Coming to Britain. Here‚Äôs What He Can Expect. https://t.co/xjz06RXgeF
The New York Times,24,2018-04-28 06:33:02+00:00,0.0,0.0,1.0,0.0,"RT @nytimesarts: ""Every time I encounter lovers,"" the French photographer Willy Ronis said, ""my camera smiles."" https://t.co/eNQrDL0yle"
The New York Times,23,2018-04-28 06:06:01+00:00,0.6705,0.0,0.8,0.2,"Abba: ‚ÄúWe all felt that, after some 35 years, it could be fun to join forces again and go into the recording studio"" https://t.co/OCUmb9DQuf"
The New York Times,22,2018-04-28 05:49:14+00:00,0.5574,0.0,0.82,0.18,"""The 'Mona Lisa' has, to all meaningful intents and purposes, ceased to exist as an original work of art. It has be‚Ä¶ https://t.co/wf72DEdIVh"
The New York Times,21,2018-04-28 05:32:02+00:00,0.0,0.0,1.0,0.0,"RT @DanBilefsky: During an 8-hour interview with all the drama of one of his films, the prolific Canadian film director @XDolan told me abo‚Ä¶"
The New York Times,20,2018-04-28 05:15:51+00:00,-0.7184,0.273,0.727,0.0,"Archaeologists in Sweden found victims of a 5th-century massacre where attackers used swords, axes and clubs to but‚Ä¶ https://t.co/nII6B4wgTp"
The New York Times,19,2018-04-28 04:58:56+00:00,0.1779,0.0,0.909,0.091,"Amazon said it was raising the price of its Prime membership service 20%, to $119 from $99 https://t.co/yYcCvLOoA0"
The New York Times,18,2018-04-28 04:42:03+00:00,-0.8402,0.296,0.704,0.0,"RT @nytpolitics: The parents of Otto Warmbier have sued North Korea, alleging that it kidnapped, tortured and murdered their son https://t.‚Ä¶"
The New York Times,17,2018-04-28 04:21:02+00:00,0.0,0.0,1.0,0.0,"This fungus can respond to wind and touch, grow toward light and detect and navigate around objects placed above it‚Ä¶ https://t.co/UvcVZWzYEV"
The New York Times,16,2018-04-28 04:02:03+00:00,0.8979,0.0,0.623,0.377,"A film about 2 girls in love, the first Kenyan film ever nominated for an award at Cannes Film Festival, is banned‚Ä¶ https://t.co/hw7HeR7ntH"
The New York Times,15,2018-04-28 03:47:03+00:00,-0.8689,0.353,0.647,0.0,"RT @nytimesbusiness: Describing himself as ""angry, hurt and unmoored,"" Tom Brokaw denied an allegation that he harassed a former NBC News c‚Ä¶"
The New York Times,14,2018-04-28 03:32:01+00:00,0.4215,0.0,0.763,0.237,"""Have you met James? James saved a lot of lives."" https://t.co/llXGAsenX6"
The New York Times,13,2018-04-28 03:17:03+00:00,0.6697,0.0,0.82,0.18,RT @jakesNYT: Is Mr. Kim is really ready to make a deal? Or is he is betting - as most experts think - he can get help to normalize DPRK‚Äôs‚Ä¶
The New York Times,12,2018-04-28 03:02:05+00:00,-0.4215,0.257,0.743,0.0,"Stormy Daniels lawsuit delayed as judge cites ""likely"" indictment of Michael Cohen https://t.co/vJShJ6Tf2Y"
The New York Times,11,2018-04-28 02:47:06+00:00,0.6705,0.0,0.8,0.2,"Abba: ‚ÄúWe all felt that, after some 35 years, it could be fun to join forces again and go into the recording studio"" https://t.co/GMZD2K8oQ6"
The New York Times,10,2018-04-28 02:32:07+00:00,0.0,0.0,1.0,0.0,"""I am a lawyer, and I am an informant,"" said Natalia Veselnitskaya, the Russian lawyer who met with Trump campaign‚Ä¶ https://t.co/3gLNX4jjcw"
The New York Times,9,2018-04-28 02:17:02+00:00,-0.7783,0.264,0.736,0.0,"RT @NYTNational: Brittany Oswell suffered a pulmonary embolism on an American Airlines flight from Hawaii. She later died, and her family h‚Ä¶"
The New York Times,8,2018-04-28 02:02:03+00:00,0.0,0.0,1.0,0.0,Speaker Paul Ryan‚Äôs decision to dismiss the House chaplain has caused a firestorm on Capitol Hill https://t.co/XNEZDvfWed
The New York Times,7,2018-04-28 01:47:05+00:00,0.0,0.0,1.0,0.0,"5 takeaways from the House report on Russian election meddling
https://t.co/z5TKigmkAS"
The New York Times,6,2018-04-28 01:32:07+00:00,-0.5423,0.178,0.747,0.075,Should genealogy databases be used to solve crimes? The Golden State Killer case has set off a debate over privacy‚Ä¶ https://t.co/nGQFL8EJBs
The New York Times,5,2018-04-28 01:17:04+00:00,-0.8074,0.356,0.644,0.0,"RT @bankonjustin: For decades, the chilling Golden State Killer attacks hung over California communities. 

@MitchKSmith and I took a look‚Ä¶"
The New York Times,4,2018-04-28 01:02:07+00:00,0.0,0.0,1.0,0.0,Evening Briefing: Here's what you need to know at the end of the day https://t.co/ztidViKti8
The New York Times,3,2018-04-28 00:47:05+00:00,0.5574,0.0,0.82,0.18,"""The 'Mona Lisa' has, to all meaningful intents and purposes, ceased to exist as an original work of art. It has be‚Ä¶ https://t.co/q59O4gyp57"
The New York Times,2,2018-04-28 00:32:04+00:00,0.2732,0.087,0.731,0.183,A federal judge dismissed a lawsuit filed by Paul Manafort that tried to narrow the authority of the special counsel https://t.co/JKoCFjD1wl
The New York Times,1,2018-04-28 00:17:03+00:00,0.25,0.0,0.929,0.071,RT @nytopinion: It‚Äôs even less likely that North Korea will give up its arsenal now that it sees Trump poised to tear up the Iran nuclear d‚Ä¶
